date,tableName,tableValue,minimum,ideal,estimated,start,end
2026-01-01,Team,T1,2,0,0,10:00,11:00
2026-01-01,Team,T1,3,0,0,11:00,13:00
2026-01-01,Team,T1,3,0,0,13:00,14:00
2026-01-01,Team,T1,2,0,0,14:00,17:00
2026-01-01,Team,T1,3,0,0,17:00,20:00
2026-01-01,Team,T1,3,0,0,20:00,21:00
2026-01-01,Team,T1,2,0,0,21:00,22:00
2026-01-02,Team,T1,2,0,0,10:00,11:00
2026-01-02,Team,T1,3,0,0,11:00,13:00
2026-01-02,Team,T1,3,0,0,13:00,14:00
2026-01-02,Team,T1,2,0,0,14:00,15:00
2026-01-02,Team,T1,2,0,0,15:00,17:00
2026-01-02,Team,T1,3,0,0,17:00,18:00
2026-01-02,Team,T1,3,0,0,18:00,20:00
2026-01-02,Team,T1,3,0,0,20:00,21:00
2026-01-02,Team,T1,2,0,0,21:00,22:00
2026-01-03,Team,T1,2,0,0,11:00,12:00
2026-01-03,Team,T1,2,0,0,12:00,13:00
2026-01-03,Team,T1,2,0,0,13:00,14:00
2026-01-03,Team,T1,2,0,0,14:00,15:00
2026-01-03,Team,T1,2,0,0,15:00,16:00
2026-01-03,Team,T1,2,0,0,16:00,17:00
2026-01-03,Team,T1,2,0,0,17:00,18:00
2026-01-03,Team,T1,2,0,0,18:00,20:00
2026-01-03,Team,T1,2,0,0,20:00,21:00
2026-01-04,Team,T1,2,0,0,10:00,11:00
2026-01-04,Team,T1,3,0,0,11:00,14:00
2026-01-04,Team,T1,2,0,0,14:00,17:00
2026-01-04,Team,T1,3,0,0,17:00,21:00
2026-01-04,Team,T1,2,0,0,21:00,22:00
2026-01-05,Team,T1,2,0,0,10:00,11:00
2026-01-05,Team,T1,3,0,0,11:00,14:00
2026-01-05,Team,T1,2,0,0,14:00,17:00
2026-01-05,Team,T1,3,0,0,17:00,18:00
2026-01-05,Team,T1,4.5,0,0,18:00,19:30
2026-01-05,Team,T1,4.5,0,0,19:30,21:00
2026-01-05,Team,T1,2,0,0,21:00,22:00
2026-01-06,Team,T1,2,0,0,10:00,11:00
2026-01-06,Team,T1,3,0,0,11:00,14:00
2026-01-06,Team,T1,2,0,0,14:00,17:00
2026-01-06,Team,T1,3,0,0,17:00,20:00
2026-01-06,Team,T1,3,0,0,20:00,21:00
2026-01-06,Team,T1,2,0,0,21:00,22:00
2026-01-07,Team,T1,2,0,0,10:00,11:00
2026-01-07,Team,T1,3,0,0,11:00,14:00
2026-01-07,Team,T1,2,0,0,14:00,17:00
2026-01-07,Team,T1,4.5,0,0,17:00,18:30
2026-01-07,Team,T1,4.5,0,0,18:30,20:00
2026-01-07,Team,T1,3,0,0,20:00,21:00
2026-01-07,Team,T1,2,0,0,21:00,22:00
2026-01-08,Team,T1,2,0,0,10:00,11:00
2026-01-08,Team,T1,3,0,0,11:00,13:00
2026-01-08,Team,T1,3,0,0,13:00,14:00
2026-01-08,Team,T1,2,0,0,14:00,17:00
2026-01-08,Team,T1,3,0,0,17:00,20:00
2026-01-08,Team,T1,3,0,0,20:00,21:00
2026-01-08,Team,T1,2,0,0,21:00,22:00
2026-01-09,Team,T1,2,0,0,10:00,11:00
2026-01-09,Team,T1,3,0,0,11:00,13:00
2026-01-09,Team,T1,3,0,0,13:00,14:00
2026-01-09,Team,T1,2,0,0,14:00,15:00
2026-01-09,Team,T1,2,0,0,15:00,17:00
2026-01-09,Team,T1,3,0,0,17:00,18:00
2026-01-09,Team,T1,3,0,0,18:00,20:00
2026-01-09,Team,T1,3,0,0,20:00,21:00
2026-01-09,Team,T1,2,0,0,21:00,22:00
2026-01-10,Team,T1,2,0,0,11:00,12:00
2026-01-10,Team,T1,2,0,0,12:00,13:00
2026-01-10,Team,T1,2,0,0,13:00,14:00
2026-01-10,Team,T1,2,0,0,14:00,15:00
2026-01-10,Team,T1,2,0,0,15:00,16:00
2026-01-10,Team,T1,2,0,0,16:00,17:00
2026-01-10,Team,T1,2,0,0,17:00,18:00
2026-01-10,Team,T1,2,0,0,18:00,20:00
2026-01-10,Team,T1,2,0,0,20:00,21:00
2026-01-11,Team,T1,2,0,0,10:00,11:00
2026-01-11,Team,T1,3,0,0,11:00,14:00
2026-01-11,Team,T1,2,0,0,14:00,17:00
2026-01-11,Team,T1,3,0,0,17:00,21:00
2026-01-11,Team,T1,2,0,0,21:00,22:00
2026-01-12,Team,T1,2,0,0,10:00,11:00
2026-01-12,Team,T1,3,0,0,11:00,14:00
2026-01-12,Team,T1,2,0,0,14:00,17:00
2026-01-12,Team,T1,3,0,0,17:00,18:00
2026-01-12,Team,T1,4.5,0,0,18:00,19:30
2026-01-12,Team,T1,4.5,0,0,19:30,21:00
2026-01-12,Team,T1,2,0,0,21:00,22:00
2026-01-13,Team,T1,2,0,0,10:00,11:00
2026-01-13,Team,T1,3,0,0,11:00,14:00
2026-01-13,Team,T1,2,0,0,14:00,17:00
2026-01-13,Team,T1,3,0,0,17:00,20:00
2026-01-13,Team,T1,3,0,0,20:00,21:00
2026-01-13,Team,T1,2,0,0,21:00,22:00
2026-01-14,Team,T1,2,0,0,10:00,11:00
2026-01-14,Team,T1,3,0,0,11:00,14:00
2026-01-14,Team,T1,2,0,0,14:00,17:00
2026-01-14,Team,T1,4.5,0,0,17:00,18:30
2026-01-14,Team,T1,4.5,0,0,18:30,20:00
2026-01-14,Team,T1,3,0,0,20:00,21:00
2026-01-14,Team,T1,2,0,0,21:00,22:00
2026-01-15,Team,T1,2,0,0,10:00,11:00
2026-01-15,Team,T1,3,0,0,11:00,13:00
2026-01-15,Team,T1,3,0,0,13:00,14:00
2026-01-15,Team,T1,2,0,0,14:00,17:00
2026-01-15,Team,T1,3,0,0,17:00,20:00
2026-01-15,Team,T1,3,0,0,20:00,21:00
2026-01-15,Team,T1,2,0,0,21:00,22:00
2026-01-16,Team,T1,2,0,0,10:00,11:00
2026-01-16,Team,T1,3,0,0,11:00,13:00
2026-01-16,Team,T1,3,0,0,13:00,14:00
2026-01-16,Team,T1,2,0,0,14:00,15:00
2026-01-16,Team,T1,2,0,0,15:00,17:00
2026-01-16,Team,T1,3,0,0,17:00,18:00
2026-01-16,Team,T1,3,0,0,18:00,20:00
2026-01-16,Team,T1,3,0,0,20:00,21:00
2026-01-16,Team,T1,2,0,0,21:00,22:00
2026-01-17,Team,T1,2,0,0,11:00,12:00
2026-01-17,Team,T1,2,0,0,12:00,13:00
2026-01-17,Team,T1,2,0,0,13:00,14:00
2026-01-17,Team,T1,2,0,0,14:00,15:00
2026-01-17,Team,T1,2,0,0,15:00,16:00
2026-01-17,Team,T1,2,0,0,16:00,17:00
2026-01-17,Team,T1,2,0,0,17:00,18:00
2026-01-17,Team,T1,2,0,0,18:00,20:00
2026-01-17,Team,T1,2,0,0,20:00,21:00
2026-01-18,Team,T1,2,0,0,10:00,11:00
2026-01-18,Team,T1,3,0,0,11:00,14:00
2026-01-18,Team,T1,2,0,0,14:00,17:00
2026-01-18,Team,T1,3,0,0,17:00,21:00
2026-01-18,Team,T1,2,0,0,21:00,22:00
2026-01-19,Team,T1,2,0,0,10:00,11:00
2026-01-19,Team,T1,3,0,0,11:00,14:00
2026-01-19,Team,T1,2,0,0,14:00,17:00
2026-01-19,Team,T1,3,0,0,17:00,18:00
2026-01-19,Team,T1,4.5,0,0,18:00,19:30
2026-01-19,Team,T1,4.5,0,0,19:30,21:00
2026-01-19,Team,T1,2,0,0,21:00,22:00
2026-01-20,Team,T1,2,0,0,10:00,11:00
2026-01-20,Team,T1,3,0,0,11:00,14:00
2026-01-20,Team,T1,2,0,0,14:00,17:00
2026-01-20,Team,T1,3,0,0,17:00,20:00
2026-01-20,Team,T1,3,0,0,20:00,21:00
2026-01-20,Team,T1,2,0,0,21:00,22:00
2026-01-21,Team,T1,2,0,0,10:00,11:00
2026-01-21,Team,T1,3,0,0,11:00,14:00
2026-01-21,Team,T1,2,0,0,14:00,17:00
2026-01-21,Team,T1,4.5,0,0,17:00,18:30
2026-01-21,Team,T1,4.5,0,0,18:30,20:00
2026-01-21,Team,T1,3,0,0,20:00,21:00
2026-01-21,Team,T1,2,0,0,21:00,22:00
2026-01-22,Team,T1,2,0,0,10:00,11:00
2026-01-22,Team,T1,3,0,0,11:00,13:00
2026-01-22,Team,T1,3,0,0,13:00,14:00
2026-01-22,Team,T1,2,0,0,14:00,17:00
2026-01-22,Team,T1,3,0,0,17:00,20:00
2026-01-22,Team,T1,3,0,0,20:00,21:00
2026-01-22,Team,T1,2,0,0,21:00,22:00
2026-01-23,Team,T1,2,0,0,10:00,11:00
2026-01-23,Team,T1,3,0,0,11:00,13:00
2026-01-23,Team,T1,3,0,0,13:00,14:00
2026-01-23,Team,T1,2,0,0,14:00,15:00
2026-01-23,Team,T1,2,0,0,15:00,17:00
2026-01-23,Team,T1,3,0,0,17:00,18:00
2026-01-23,Team,T1,3,0,0,18:00,20:00
2026-01-23,Team,T1,3,0,0,20:00,21:00
2026-01-23,Team,T1,2,0,0,21:00,22:00
2026-01-24,Team,T1,2,0,0,11:00,12:00
2026-01-24,Team,T1,2,0,0,12:00,13:00
2026-01-24,Team,T1,2,0,0,13:00,14:00
2026-01-24,Team,T1,2,0,0,14:00,15:00
2026-01-24,Team,T1,2,0,0,15:00,16:00
2026-01-24,Team,T1,2,0,0,16:00,17:00
2026-01-24,Team,T1,2,0,0,17:00,18:00
2026-01-24,Team,T1,2,0,0,18:00,20:00
2026-01-24,Team,T1,2,0,0,20:00,21:00
2026-01-25,Team,T1,2,0,0,10:00,11:00
2026-01-25,Team,T1,3,0,0,11:00,14:00
2026-01-25,Team,T1,2,0,0,14:00,17:00
2026-01-25,Team,T1,3,0,0,17:00,21:00
2026-01-25,Team,T1,2,0,0,21:00,22:00
2026-01-26,Team,T1,2,0,0,10:00,11:00
2026-01-26,Team,T1,3,0,0,11:00,14:00
2026-01-26,Team,T1,2,0,0,14:00,17:00
2026-01-26,Team,T1,3,0,0,17:00,18:00
2026-01-26,Team,T1,4.5,0,0,18:00,19:30
2026-01-26,Team,T1,4.5,0,0,19:30,21:00
2026-01-26,Team,T1,2,0,0,21:00,22:00
2026-01-27,Team,T1,2,0,0,10:00,11:00
2026-01-27,Team,T1,3,0,0,11:00,14:00
2026-01-27,Team,T1,2,0,0,14:00,17:00
2026-01-27,Team,T1,3,0,0,17:00,20:00
2026-01-27,Team,T1,3,0,0,20:00,21:00
2026-01-27,Team,T1,2,0,0,21:00,22:00
2026-01-28,Team,T1,2,0,0,10:00,11:00
2026-01-28,Team,T1,3,0,0,11:00,14:00
2026-01-28,Team,T1,2,0,0,14:00,17:00
2026-01-28,Team,T1,4.5,0,0,17:00,18:30
2026-01-28,Team,T1,4.5,0,0,18:30,20:00
2026-01-28,Team,T1,3,0,0,20:00,21:00
2026-01-28,Team,T1,2,0,0,21:00,22:00
2026-01-29,Team,T1,2,0,0,10:00,11:00
2026-01-29,Team,T1,3,0,0,11:00,13:00
2026-01-29,Team,T1,3,0,0,13:00,14:00
2026-01-29,Team,T1,2,0,0,14:00,17:00
2026-01-29,Team,T1,3,0,0,17:00,20:00
2026-01-29,Team,T1,3,0,0,20:00,21:00
2026-01-29,Team,T1,2,0,0,21:00,22:00
2026-01-30,Team,T1,2,0,0,10:00,11:00
2026-01-30,Team,T1,3,0,0,11:00,13:00
2026-01-30,Team,T1,3,0,0,13:00,14:00
2026-01-30,Team,T1,2,0,0,14:00,15:00
2026-01-30,Team,T1,2,0,0,15:00,17:00
2026-01-30,Team,T1,3,0,0,17:00,18:00
2026-01-30,Team,T1,3,0,0,18:00,20:00
2026-01-30,Team,T1,3,0,0,20:00,21:00
2026-01-30,Team,T1,2,0,0,21:00,22:00
2026-01-31,Team,T1,2,0,0,11:00,12:00
2026-01-31,Team,T1,2,0,0,12:00,13:00
2026-01-31,Team,T1,2,0,0,13:00,14:00
2026-01-31,Team,T1,2,0,0,14:00,15:00
2026-01-31,Team,T1,2,0,0,15:00,16:00
2026-01-31,Team,T1,2,0,0,16:00,17:00
2026-01-31,Team,T1,2,0,0,17:00,18:00
2026-01-31,Team,T1,2,0,0,18:00,20:00
2026-01-31,Team,T1,2,0,0,20:00,21:00
