code,description,scheduleWeightMinutes,startMin,endMin
1,Espaço,0,,
3,Day off,0,,
4,Vazio,0,,
1013,21:00-00:00,180,1260,1440
100000,00:00-03:00,180,0,180
100944,00:15-03:15,180,15,195
101888,00:30-03:30,180,30,210
102832,00:45-03:45,180,45,225
103776,01:00-04:00,180,60,240
104720,01:15-04:15,180,75,255
105664,01:30-04:30,180,90,270
106608,01:45-04:45,180,105,285
107552,02:00-05:00,180,120,300
108496,02:15-05:15,180,135,315
109440,02:30-05:30,180,150,330
110384,02:45-05:45,180,165,345
111328,03:00-06:00,180,180,360
112272,03:15-06:15,180,195,375
113216,03:30-06:30,180,210,390
114160,03:45-06:45,180,225,405
115104,04:00-07:00,180,240,420
116048,04:15-07:15,180,255,435
116992,04:30-07:30,180,270,450
117936,04:45-07:45,180,285,465
118880,05:00-08:00,180,300,480
119824,05:15-08:15,180,315,495
120768,05:30-08:30,180,330,510
121712,05:45-08:45,180,345,525
122656,06:00-09:00,180,360,540
123600,06:15-09:15,180,375,555
124544,06:30-09:30,180,390,570
125488,06:45-09:45,180,405,585
126432,07:00-10:00,180,420,600
127376,07:15-10:15,180,435,615
128320,07:30-10:30,180,450,630
129264,07:45-10:45,180,465,645
130208,08:00-11:00,180,480,660
131152,08:15-11:15,180,495,675
132096,08:30-11:30,180,510,690
133040,08:45-11:45,180,525,705
133984,09:00-12:00,180,540,720
134928,09:15-12:15,180,555,735
135872,09:30-12:30,180,570,750
136816,09:45-12:45,180,585,765
137760,10:00-13:00,180,600,780
138704,10:15-13:15,180,615,795
139648,10:30-13:30,180,630,810
140592,10:45-13:45,180,645,825
141536,11:00-14:00,180,660,840
142480,11:15-14:15,180,675,855
143424,11:30-14:30,180,690,870
144368,11:45-14:45,180,705,885
145312,12:00-15:00,180,720,900
146256,12:15-15:15,180,735,915
147200,12:30-15:30,180,750,930
148144,12:45-15:45,180,765,945
149088,13:00-16:00,180,780,960
150032,13:15-16:15,180,795,975
150976,13:30-16:30,180,810,990
151920,13:45-16:45,180,825,1005
152864,14:00-17:00,180,840,1020
153808,14:15-17:15,180,855,1035
154752,14:30-17:30,180,870,1050
155696,14:45-17:45,180,885,1065
156640,15:00-18:00,180,900,1080
157584,15:15-18:15,180,915,1095
158528,15:30-18:30,180,930,1110
159472,15:45-18:45,180,945,1125
160416,16:00-19:00,180,960,1140
161360,16:15-19:15,180,975,1155
162304,16:30-19:30,180,990,1170
163248,16:45-19:45,180,1005,1185
164192,17:00-20:00,180,1020,1200
165136,17:15-20:15,180,1035,1215
166080,17:30-20:30,180,1050,1230
167024,17:45-20:45,180,1065,1245
167968,18:00-21:00,180,1080,1260
168912,18:15-21:15,180,1095,1275
169856,18:30-21:30,180,1110,1290
170800,18:45-21:45,180,1125,1305
171744,19:00-22:00,180,1140,1320
172688,19:15-22:15,180,1155,1335
173632,19:30-22:30,180,1170,1350
174576,19:45-22:45,180,1185,1365
175520,20:00-23:00,180,1200,1380
176464,20:15-23:15,180,1215,1395
177408,20:30-23:30,180,1230,1410
178352,20:45-23:45,180,1245,1425
179296,21:00-00:00,180,1260,1440
180240,21:15-00:15,180,1275,1455
181184,21:30-00:30,180,1290,1470
182128,21:45-00:45,180,1305,1485
183072,22:00-01:00,180,1320,1500
184016,22:15-01:15,180,1335,1515
184960,22:30-01:30,180,1350,1530
185904,22:45-01:45,180,1365,1545
186848,23:00-02:00,180,1380,1560
187792,23:15-02:15,180,1395,1575
188736,23:30-02:30,180,1410,1590
189680,23:45-02:45,180,1425,1605
189681,23:45-03:00,195,1425,1620
188737,23:30-02:45,195,1410,1605
187793,23:15-02:30,195,1395,1590
186849,23:00-02:15,195,1380,1575
185905,22:45-02:00,195,1365,1560
184961,22:30-01:45,195,1350,1545
184017,22:15-01:30,195,1335,1530
183073,22:00-01:15,195,1320,1515
182129,21:45-01:00,195,1305,1500
181185,21:30-00:45,195,1290,1485
180241,21:15-00:30,195,1275,1470
179297,21:00-00:15,195,1260,1455
178353,20:45-00:00,195,1245,1440
177409,20:30-23:45,195,1230,1425
176465,20:15-23:30,195,1215,1410
175521,20:00-23:15,195,1200,1395
174577,19:45-23:00,195,1185,1380
173633,19:30-22:45,195,1170,1365
172689,19:15-22:30,195,1155,1350
171745,19:00-22:15,195,1140,1335
170801,18:45-22:00,195,1125,1320
169857,18:30-21:45,195,1110,1305
168913,18:15-21:30,195,1095,1290
167969,18:00-21:15,195,1080,1275
167025,17:45-21:00,195,1065,1260
166081,17:30-20:45,195,1050,1245
165137,17:15-20:30,195,1035,1230
164193,17:00-20:15,195,1020,1215
163249,16:45-20:00,195,1005,1200
162305,16:30-19:45,195,990,1185
161361,16:15-19:30,195,975,1170
160417,16:00-19:15,195,960,1155
159473,15:45-19:00,195,945,1140
158529,15:30-18:45,195,930,1125
157585,15:15-18:30,195,915,1110
156641,15:00-18:15,195,900,1095
155697,14:45-18:00,195,885,1080
154753,14:30-17:45,195,870,1065
153809,14:15-17:30,195,855,1050
152865,14:00-17:15,195,840,1035
151921,13:45-17:00,195,825,1020
150977,13:30-16:45,195,810,1005
150033,13:15-16:30,195,795,990
149089,13:00-16:15,195,780,975
148145,12:45-16:00,195,765,960
147201,12:30-15:45,195,750,945
146257,12:15-15:30,195,735,930
145313,12:00-15:15,195,720,915
144369,11:45-15:00,195,705,900
143425,11:30-14:45,195,690,885
142481,11:15-14:30,195,675,870
141537,11:00-14:15,195,660,855
140593,10:45-14:00,195,645,840
139649,10:30-13:45,195,630,825
138705,10:15-13:30,195,615,810
137761,10:00-13:15,195,600,795
136817,09:45-13:00,195,585,780
135873,09:30-12:45,195,570,765
134929,09:15-12:30,195,555,750
133985,09:00-12:15,195,540,735
133041,08:45-12:00,195,525,720
132097,08:30-11:45,195,510,705
131153,08:15-11:30,195,495,690
130209,08:00-11:15,195,480,675
129265,07:45-11:00,195,465,660
128321,07:30-10:45,195,450,645
127377,07:15-10:30,195,435,630
126433,07:00-10:15,195,420,615
125489,06:45-10:00,195,405,600
124545,06:30-09:45,195,390,585
123601,06:15-09:30,195,375,570
122657,06:00-09:15,195,360,555
121713,05:45-09:00,195,345,540
120769,05:30-08:45,195,330,525
119825,05:15-08:30,195,315,510
118881,05:00-08:15,195,300,495
117937,04:45-08:00,195,285,480
116993,04:30-07:45,195,270,465
116049,04:15-07:30,195,255,450
115105,04:00-07:15,195,240,435
114161,03:45-07:00,195,225,420
113217,03:30-06:45,195,210,405
112273,03:15-06:30,195,195,390
111329,03:00-06:15,195,180,375
110385,02:45-06:00,195,165,360
109441,02:30-05:45,195,150,345
108497,02:15-05:30,195,135,330
107553,02:00-05:15,195,120,315
106609,01:45-05:00,195,105,300
105665,01:30-04:45,195,90,285
104721,01:15-04:30,195,75,270
103777,01:00-04:15,195,60,255
102833,00:45-04:00,195,45,240
101889,00:30-03:45,195,30,225
100945,00:15-03:30,195,15,210
100001,00:00-03:15,195,0,195
100002,00:00-03:30,210,0,210
100946,00:15-03:45,210,15,225
101890,00:30-04:00,210,30,240
102834,00:45-04:15,210,45,255
103778,01:00-04:30,210,60,270
104722,01:15-04:45,210,75,285
105666,01:30-05:00,210,90,300
106610,01:45-05:15,210,105,315
107554,02:00-05:30,210,120,330
108498,02:15-05:45,210,135,345
109442,02:30-06:00,210,150,360
110386,02:45-06:15,210,165,375
111330,03:00-06:30,210,180,390
112274,03:15-06:45,210,195,405
113218,03:30-07:00,210,210,420
114162,03:45-07:15,210,225,435
115106,04:00-07:30,210,240,450
116050,04:15-07:45,210,255,465
116994,04:30-08:00,210,270,480
117938,04:45-08:15,210,285,495
118882,05:00-08:30,210,300,510
119826,05:15-08:45,210,315,525
120770,05:30-09:00,210,330,540
121714,05:45-09:15,210,345,555
122658,06:00-09:30,210,360,570
123602,06:15-09:45,210,375,585
124546,06:30-10:00,210,390,600
125490,06:45-10:15,210,405,615
126434,07:00-10:30,210,420,630
127378,07:15-10:45,210,435,645
128322,07:30-11:00,210,450,660
129266,07:45-11:15,210,465,675
130210,08:00-11:30,210,480,690
131154,08:15-11:45,210,495,705
132098,08:30-12:00,210,510,720
133042,08:45-12:15,210,525,735
133986,09:00-12:30,210,540,750
134930,09:15-12:45,210,555,765
135874,09:30-13:00,210,570,780
136818,09:45-13:15,210,585,795
137762,10:00-13:30,210,600,810
138706,10:15-13:45,210,615,825
139650,10:30-14:00,210,630,840
140594,10:45-14:15,210,645,855
141538,11:00-14:30,210,660,870
142482,11:15-14:45,210,675,885
143426,11:30-15:00,210,690,900
144370,11:45-15:15,210,705,915
145314,12:00-15:30,210,720,930
146258,12:15-15:45,210,735,945
147202,12:30-16:00,210,750,960
148146,12:45-16:15,210,765,975
149090,13:00-16:30,210,780,990
150034,13:15-16:45,210,795,1005
150978,13:30-17:00,210,810,1020
151922,13:45-17:15,210,825,1035
152866,14:00-17:30,210,840,1050
153810,14:15-17:45,210,855,1065
154754,14:30-18:00,210,870,1080
155698,14:45-18:15,210,885,1095
156642,15:00-18:30,210,900,1110
157586,15:15-18:45,210,915,1125
158530,15:30-19:00,210,930,1140
159474,15:45-19:15,210,945,1155
160418,16:00-19:30,210,960,1170
161362,16:15-19:45,210,975,1185
162306,16:30-20:00,210,990,1200
163250,16:45-20:15,210,1005,1215
164194,17:00-20:30,210,1020,1230
165138,17:15-20:45,210,1035,1245
166082,17:30-21:00,210,1050,1260
167026,17:45-21:15,210,1065,1275
167970,18:00-21:30,210,1080,1290
168914,18:15-21:45,210,1095,1305
169858,18:30-22:00,210,1110,1320
170802,18:45-22:15,210,1125,1335
171746,19:00-22:30,210,1140,1350
172690,19:15-22:45,210,1155,1365
173634,19:30-23:00,210,1170,1380
174578,19:45-23:15,210,1185,1395
175522,20:00-23:30,210,1200,1410
176466,20:15-23:45,210,1215,1425
177410,20:30-00:00,210,1230,1440
178354,20:45-00:15,210,1245,1455
179298,21:00-00:30,210,1260,1470
180242,21:15-00:45,210,1275,1485
181186,21:30-01:00,210,1290,1500
182130,21:45-01:15,210,1305,1515
183074,22:00-01:30,210,1320,1530
184018,22:15-01:45,210,1335,1545
184962,22:30-02:00,210,1350,1560
185906,22:45-02:15,210,1365,1575
186850,23:00-02:30,210,1380,1590
187794,23:15-02:45,210,1395,1605
188738,23:30-03:00,210,1410,1620
189682,23:45-03:15,210,1425,1635
189683,23:45-03:30,225,1425,1650
188739,23:30-03:15,225,1410,1635
187795,23:15-03:00,225,1395,1620
186851,23:00-02:45,225,1380,1605
185907,22:45-02:30,225,1365,1590
184963,22:30-02:15,225,1350,1575
184019,22:15-02:00,225,1335,1560
183075,22:00-01:45,225,1320,1545
182131,21:45-01:30,225,1305,1530
181187,21:30-01:15,225,1290,1515
180243,21:15-01:00,225,1275,1500
179299,21:00-00:45,225,1260,1485
178355,20:45-00:30,225,1245,1470
177411,20:30-00:15,225,1230,1455
176467,20:15-00:00,225,1215,1440
175523,20:00-23:45,225,1200,1425
174579,19:45-23:30,225,1185,1410
173635,19:30-23:15,225,1170,1395
172691,19:15-23:00,225,1155,1380
171747,19:00-22:45,225,1140,1365
170803,18:45-22:30,225,1125,1350
169859,18:30-22:15,225,1110,1335
168915,18:15-22:00,225,1095,1320
167971,18:00-21:45,225,1080,1305
167027,17:45-21:30,225,1065,1290
166083,17:30-21:15,225,1050,1275
165139,17:15-21:00,225,1035,1260
164195,17:00-20:45,225,1020,1245
163251,16:45-20:30,225,1005,1230
162307,16:30-20:15,225,990,1215
161363,16:15-20:00,225,975,1200
160419,16:00-19:45,225,960,1185
159475,15:45-19:30,225,945,1170
158531,15:30-19:15,225,930,1155
157587,15:15-19:00,225,915,1140
156643,15:00-18:45,225,900,1125
155699,14:45-18:30,225,885,1110
154755,14:30-18:15,225,870,1095
153811,14:15-18:00,225,855,1080
152867,14:00-17:45,225,840,1065
151923,13:45-17:30,225,825,1050
150979,13:30-17:15,225,810,1035
150035,13:15-17:00,225,795,1020
149091,13:00-16:45,225,780,1005
148147,12:45-16:30,225,765,990
147203,12:30-16:15,225,750,975
146259,12:15-16:00,225,735,960
145315,12:00-15:45,225,720,945
144371,11:45-15:30,225,705,930
143427,11:30-15:15,225,690,915
142483,11:15-15:00,225,675,900
141539,11:00-14:45,225,660,885
140595,10:45-14:30,225,645,870
139651,10:30-14:15,225,630,855
138707,10:15-14:00,225,615,840
137763,10:00-13:45,225,600,825
136819,09:45-13:30,225,585,810
135875,09:30-13:15,225,570,795
134931,09:15-13:00,225,555,780
133987,09:00-12:45,225,540,765
133043,08:45-12:30,225,525,750
132099,08:30-12:15,225,510,735
131155,08:15-12:00,225,495,720
130211,08:00-11:45,225,480,705
129267,07:45-11:30,225,465,690
128323,07:30-11:15,225,450,675
127379,07:15-11:00,225,435,660
126435,07:00-10:45,225,420,645
125491,06:45-10:30,225,405,630
124547,06:30-10:15,225,390,615
123603,06:15-10:00,225,375,600
122659,06:00-09:45,225,360,585
121715,05:45-09:30,225,345,570
120771,05:30-09:15,225,330,555
119827,05:15-09:00,225,315,540
118883,05:00-08:45,225,300,525
117939,04:45-08:30,225,285,510
116995,04:30-08:15,225,270,495
116051,04:15-08:00,225,255,480
115107,04:00-07:45,225,240,465
114163,03:45-07:30,225,225,450
113219,03:30-07:15,225,210,435
112275,03:15-07:00,225,195,420
111331,03:00-06:45,225,180,405
110387,02:45-06:30,225,165,390
109443,02:30-06:15,225,150,375
108499,02:15-06:00,225,135,360
107555,02:00-05:45,225,120,345
106611,01:45-05:30,225,105,330
105667,01:30-05:15,225,90,315
104723,01:15-05:00,225,75,300
103779,01:00-04:45,225,60,285
102835,00:45-04:30,225,45,270
101891,00:30-04:15,225,30,255
100947,00:15-04:00,225,15,240
100003,00:00-03:45,225,0,225
100004,00:00-04:00,240,0,240
100948,00:15-04:15,240,15,255
101892,00:30-04:30,240,30,270
102836,00:45-04:45,240,45,285
103780,01:00-05:00,240,60,300
104724,01:15-05:15,240,75,315
105668,01:30-05:30,240,90,330
106612,01:45-05:45,240,105,345
107556,02:00-06:00,240,120,360
108500,02:15-06:15,240,135,375
109444,02:30-06:30,240,150,390
110388,02:45-06:45,240,165,405
111332,03:00-07:00,240,180,420
112276,03:15-07:15,240,195,435
113220,03:30-07:30,240,210,450
114164,03:45-07:45,240,225,465
115108,04:00-08:00,240,240,480
116052,04:15-08:15,240,255,495
116996,04:30-08:30,240,270,510
117940,04:45-08:45,240,285,525
118884,05:00-09:00,240,300,540
119828,05:15-09:15,240,315,555
120772,05:30-09:30,240,330,570
121716,05:45-09:45,240,345,585
122660,06:00-10:00,240,360,600
123604,06:15-10:15,240,375,615
124548,06:30-10:30,240,390,630
125492,06:45-10:45,240,405,645
126436,07:00-11:00,240,420,660
127380,07:15-11:15,240,435,675
128324,07:30-11:30,240,450,690
129268,07:45-11:45,240,465,705
130212,08:00-12:00,240,480,720
131156,08:15-12:15,240,495,735
132100,08:30-12:30,240,510,750
133044,08:45-12:45,240,525,765
133988,09:00-13:00,240,540,780
134932,09:15-13:15,240,555,795
135876,09:30-13:30,240,570,810
136820,09:45-13:45,240,585,825
137764,10:00-14:00,240,600,840
138708,10:15-14:15,240,615,855
139652,10:30-14:30,240,630,870
140596,10:45-14:45,240,645,885
141540,11:00-15:00,240,660,900
142484,11:15-15:15,240,675,915
143428,11:30-15:30,240,690,930
144372,11:45-15:45,240,705,945
145316,12:00-16:00,240,720,960
146260,12:15-16:15,240,735,975
147204,12:30-16:30,240,750,990
148148,12:45-16:45,240,765,1005
149092,13:00-17:00,240,780,1020
150036,13:15-17:15,240,795,1035
150980,13:30-17:30,240,810,1050
151924,13:45-17:45,240,825,1065
152868,14:00-18:00,240,840,1080
153812,14:15-18:15,240,855,1095
154756,14:30-18:30,240,870,1110
155700,14:45-18:45,240,885,1125
156644,15:00-19:00,240,900,1140
157588,15:15-19:15,240,915,1155
158532,15:30-19:30,240,930,1170
159476,15:45-19:45,240,945,1185
160420,16:00-20:00,240,960,1200
161364,16:15-20:15,240,975,1215
162308,16:30-20:30,240,990,1230
163252,16:45-20:45,240,1005,1245
164196,17:00-21:00,240,1020,1260
165140,17:15-21:15,240,1035,1275
166084,17:30-21:30,240,1050,1290
167028,17:45-21:45,240,1065,1305
167972,18:00-22:00,240,1080,1320
168916,18:15-22:15,240,1095,1335
169860,18:30-22:30,240,1110,1350
170804,18:45-22:45,240,1125,1365
171748,19:00-23:00,240,1140,1380
172692,19:15-23:15,240,1155,1395
173636,19:30-23:30,240,1170,1410
174580,19:45-23:45,240,1185,1425
175524,20:00-00:00,240,1200,1440
176468,20:15-00:15,240,1215,1455
177412,20:30-00:30,240,1230,1470
178356,20:45-00:45,240,1245,1485
179300,21:00-01:00,240,1260,1500
180244,21:15-01:15,240,1275,1515
181188,21:30-01:30,240,1290,1530
182132,21:45-01:45,240,1305,1545
183076,22:00-02:00,240,1320,1560
184020,22:15-02:15,240,1335,1575
184964,22:30-02:30,240,1350,1590
185908,22:45-02:45,240,1365,1605
186852,23:00-03:00,240,1380,1620
187796,23:15-03:15,240,1395,1635
188740,23:30-03:30,240,1410,1650
189684,23:45-03:45,240,1425,1665
300009,08:00-12:00,240,480,720
300010,13:00-17:00,240,780,1020
189685,23:45-04:00,255,1425,1680
188741,23:30-03:45,255,1410,1665
187797,23:15-03:30,255,1395,1650
186853,23:00-03:15,255,1380,1635
185909,22:45-03:00,255,1365,1620
184965,22:30-02:45,255,1350,1605
184021,22:15-02:30,255,1335,1590
183077,22:00-02:15,255,1320,1575
182133,21:45-02:00,255,1305,1560
181189,21:30-01:45,255,1290,1545
180245,21:15-01:30,255,1275,1530
179301,21:00-01:15,255,1260,1515
178357,20:45-01:00,255,1245,1500
177413,20:30-00:45,255,1230,1485
176469,20:15-00:30,255,1215,1470
175525,20:00-00:15,255,1200,1455
174581,19:45-00:00,255,1185,1440
173637,19:30-23:45,255,1170,1425
172693,19:15-23:30,255,1155,1410
171749,19:00-23:15,255,1140,1395
170805,18:45-23:00,255,1125,1380
169861,18:30-22:45,255,1110,1365
168917,18:15-22:30,255,1095,1350
167973,18:00-22:15,255,1080,1335
167029,17:45-22:00,255,1065,1320
166085,17:30-21:45,255,1050,1305
165141,17:15-21:30,255,1035,1290
164197,17:00-21:15,255,1020,1275
163253,16:45-21:00,255,1005,1260
162309,16:30-20:45,255,990,1245
161365,16:15-20:30,255,975,1230
160421,16:00-20:15,255,960,1215
159477,15:45-20:00,255,945,1200
158533,15:30-19:45,255,930,1185
157589,15:15-19:30,255,915,1170
156645,15:00-19:15,255,900,1155
155701,14:45-19:00,255,885,1140
154757,14:30-18:45,255,870,1125
153813,14:15-18:30,255,855,1110
152869,14:00-18:15,255,840,1095
151925,13:45-18:00,255,825,1080
150981,13:30-17:45,255,810,1065
150037,13:15-17:30,255,795,1050
149093,13:00-17:15,255,780,1035
148149,12:45-17:00,255,765,1020
147205,12:30-16:45,255,750,1005
146261,12:15-16:30,255,735,990
145317,12:00-16:15,255,720,975
144373,11:45-16:00,255,705,960
143429,11:30-15:45,255,690,945
142485,11:15-15:30,255,675,930
141541,11:00-15:15,255,660,915
140597,10:45-15:00,255,645,900
139653,10:30-14:45,255,630,885
138709,10:15-14:30,255,615,870
137765,10:00-14:15,255,600,855
136821,09:45-14:00,255,585,840
135877,09:30-13:45,255,570,825
134933,09:15-13:30,255,555,810
133989,09:00-13:15,255,540,795
133045,08:45-13:00,255,525,780
132101,08:30-12:45,255,510,765
131157,08:15-12:30,255,495,750
130213,08:00-12:15,255,480,735
129269,07:45-12:00,255,465,720
128325,07:30-11:45,255,450,705
127381,07:15-11:30,255,435,690
126437,07:00-11:15,255,420,675
125493,06:45-11:00,255,405,660
124549,06:30-10:45,255,390,645
123605,06:15-10:30,255,375,630
122661,06:00-10:15,255,360,615
121717,05:45-10:00,255,345,600
120773,05:30-09:45,255,330,585
119829,05:15-09:30,255,315,570
118885,05:00-09:15,255,300,555
117941,04:45-09:00,255,285,540
116997,04:30-08:45,255,270,525
116053,04:15-08:30,255,255,510
115109,04:00-08:15,255,240,495
114165,03:45-08:00,255,225,480
113221,03:30-07:45,255,210,465
112277,03:15-07:30,255,195,450
111333,03:00-07:15,255,180,435
110389,02:45-07:00,255,165,420
109445,02:30-06:45,255,150,405
108501,02:15-06:30,255,135,390
107557,02:00-06:15,255,120,375
106613,01:45-06:00,255,105,360
105669,01:30-05:45,255,90,345
104725,01:15-05:30,255,75,330
103781,01:00-05:15,255,60,315
102837,00:45-05:00,255,45,300
101893,00:30-04:45,255,30,285
100949,00:15-04:30,255,15,270
100005,00:00-04:15,255,0,255
1011,15:30-19:45,255,930,1185
1012,19:45-00:00,255,1185,1440
100006,00:00-04:30,270,0,270
100950,00:15-04:45,270,15,285
101894,00:30-05:00,270,30,300
102838,00:45-05:15,270,45,315
103782,01:00-05:30,270,60,330
104726,01:15-05:45,270,75,345
105670,01:30-06:00,270,90,360
106614,01:45-06:15,270,105,375
107558,02:00-06:30,270,120,390
108502,02:15-06:45,270,135,405
109446,02:30-07:00,270,150,420
110390,02:45-07:15,270,165,435
111334,03:00-07:30,270,180,450
112278,03:15-07:45,270,195,465
113222,03:30-08:00,270,210,480
114166,03:45-08:15,270,225,495
115110,04:00-08:30,270,240,510
116054,04:15-08:45,270,255,525
116998,04:30-09:00,270,270,540
117942,04:45-09:15,270,285,555
118886,05:00-09:30,270,300,570
119830,05:15-09:45,270,315,585
120774,05:30-10:00,270,330,600
121718,05:45-10:15,270,345,615
122662,06:00-10:30,270,360,630
123606,06:15-10:45,270,375,645
124550,06:30-11:00,270,390,660
125494,06:45-11:15,270,405,675
126438,07:00-11:30,270,420,690
127382,07:15-11:45,270,435,705
128326,07:30-12:00,270,450,720
129270,07:45-12:15,270,465,735
130214,08:00-12:30,270,480,750
131158,08:15-12:45,270,495,765
132102,08:30-13:00,270,510,780
133046,08:45-13:15,270,525,795
133990,09:00-13:30,270,540,810
134934,09:15-13:45,270,555,825
135878,09:30-14:00,270,570,840
136822,09:45-14:15,270,585,855
137766,10:00-14:30,270,600,870
138710,10:15-14:45,270,615,885
139654,10:30-15:00,270,630,900
140598,10:45-15:15,270,645,915
141542,11:00-15:30,270,660,930
142486,11:15-15:45,270,675,945
143430,11:30-16:00,270,690,960
144374,11:45-16:15,270,705,975
145318,12:00-16:30,270,720,990
146262,12:15-16:45,270,735,1005
147206,12:30-17:00,270,750,1020
148150,12:45-17:15,270,765,1035
149094,13:00-17:30,270,780,1050
150038,13:15-17:45,270,795,1065
150982,13:30-18:00,270,810,1080
151926,13:45-18:15,270,825,1095
152870,14:00-18:30,270,840,1110
153814,14:15-18:45,270,855,1125
154758,14:30-19:00,270,870,1140
155702,14:45-19:15,270,885,1155
156646,15:00-19:30,270,900,1170
157590,15:15-19:45,270,915,1185
158534,15:30-20:00,270,930,1200
159478,15:45-20:15,270,945,1215
160422,16:00-20:30,270,960,1230
161366,16:15-20:45,270,975,1245
162310,16:30-21:00,270,990,1260
163254,16:45-21:15,270,1005,1275
164198,17:00-21:30,270,1020,1290
165142,17:15-21:45,270,1035,1305
166086,17:30-22:00,270,1050,1320
167030,17:45-22:15,270,1065,1335
167974,18:00-22:30,270,1080,1350
168918,18:15-22:45,270,1095,1365
169862,18:30-23:00,270,1110,1380
170806,18:45-23:15,270,1125,1395
171750,19:00-23:30,270,1140,1410
172694,19:15-23:45,270,1155,1425
173638,19:30-00:00,270,1170,1440
174582,19:45-00:15,270,1185,1455
175526,20:00-00:30,270,1200,1470
176470,20:15-00:45,270,1215,1485
177414,20:30-01:00,270,1230,1500
178358,20:45-01:15,270,1245,1515
179302,21:00-01:30,270,1260,1530
180246,21:15-01:45,270,1275,1545
181190,21:30-02:00,270,1290,1560
182134,21:45-02:15,270,1305,1575
183078,22:00-02:30,270,1320,1590
184022,22:15-02:45,270,1335,1605
184966,22:30-03:00,270,1350,1620
185910,22:45-03:15,270,1365,1635
186854,23:00-03:30,270,1380,1650
187798,23:15-03:45,270,1395,1665
188742,23:30-04:00,270,1410,1680
189686,23:45-04:15,270,1425,1695
189687,23:45-04:30,285,1425,1710
188743,23:30-04:15,285,1410,1695
187799,23:15-04:00,285,1395,1680
186855,23:00-03:45,285,1380,1665
185911,22:45-03:30,285,1365,1650
184967,22:30-03:15,285,1350,1635
184023,22:15-03:00,285,1335,1620
183079,22:00-02:45,285,1320,1605
182135,21:45-02:30,285,1305,1590
181191,21:30-02:15,285,1290,1575
180247,21:15-02:00,285,1275,1560
179303,21:00-01:45,285,1260,1545
178359,20:45-01:30,285,1245,1530
177415,20:30-01:15,285,1230,1515
176471,20:15-01:00,285,1215,1500
175527,20:00-00:45,285,1200,1485
174583,19:45-00:30,285,1185,1470
173639,19:30-00:15,285,1170,1455
172695,19:15-00:00,285,1155,1440
171751,19:00-23:45,285,1140,1425
170807,18:45-23:30,285,1125,1410
169863,18:30-23:15,285,1110,1395
168919,18:15-23:00,285,1095,1380
167975,18:00-22:45,285,1080,1365
167031,17:45-22:30,285,1065,1350
166087,17:30-22:15,285,1050,1335
165143,17:15-22:00,285,1035,1320
164199,17:00-21:45,285,1020,1305
163255,16:45-21:30,285,1005,1290
162311,16:30-21:15,285,990,1275
161367,16:15-21:00,285,975,1260
160423,16:00-20:45,285,960,1245
159479,15:45-20:30,285,945,1230
158535,15:30-20:15,285,930,1215
157591,15:15-20:00,285,915,1200
156647,15:00-19:45,285,900,1185
155703,14:45-19:30,285,885,1170
154759,14:30-19:15,285,870,1155
153815,14:15-19:00,285,855,1140
152871,14:00-18:45,285,840,1125
151927,13:45-18:30,285,825,1110
150983,13:30-18:15,285,810,1095
150039,13:15-18:00,285,795,1080
149095,13:00-17:45,285,780,1065
148151,12:45-17:30,285,765,1050
147207,12:30-17:15,285,750,1035
146263,12:15-17:00,285,735,1020
145319,12:00-16:45,285,720,1005
144375,11:45-16:30,285,705,990
143431,11:30-16:15,285,690,975
142487,11:15-16:00,285,675,960
141543,11:00-15:45,285,660,945
140599,10:45-15:30,285,645,930
139655,10:30-15:15,285,630,915
138711,10:15-15:00,285,615,900
137767,10:00-14:45,285,600,885
136823,09:45-14:30,285,585,870
135879,09:30-14:15,285,570,855
134935,09:15-14:00,285,555,840
133991,09:00-13:45,285,540,825
133047,08:45-13:30,285,525,810
132103,08:30-13:15,285,510,795
131159,08:15-13:00,285,495,780
130215,08:00-12:45,285,480,765
129271,07:45-12:30,285,465,750
128327,07:30-12:15,285,450,735
127383,07:15-12:00,285,435,720
126439,07:00-11:45,285,420,705
125495,06:45-11:30,285,405,690
124551,06:30-11:15,285,390,675
123607,06:15-11:00,285,375,660
122663,06:00-10:45,285,360,645
121719,05:45-10:30,285,345,630
120775,05:30-10:15,285,330,615
119831,05:15-10:00,285,315,600
118887,05:00-09:45,285,300,585
117943,04:45-09:30,285,285,570
116999,04:30-09:15,285,270,555
116055,04:15-09:00,285,255,540
115111,04:00-08:45,285,240,525
114167,03:45-08:30,285,225,510
113223,03:30-08:15,285,210,495
112279,03:15-08:00,285,195,480
111335,03:00-07:45,285,180,465
110391,02:45-07:30,285,165,450
109447,02:30-07:15,285,150,435
108503,02:15-07:00,285,135,420
107559,02:00-06:45,285,120,405
106615,01:45-06:30,285,105,390
105671,01:30-06:15,285,90,375
104727,01:15-06:00,285,75,360
103783,01:00-05:45,285,60,345
102839,00:45-05:30,285,45,330
101895,00:30-05:15,285,30,315
100951,00:15-05:00,285,15,300
100007,00:00-04:45,285,0,285
100008,00:00-05:00,300,0,300
100952,00:15-05:15,300,15,315
101896,00:30-05:30,300,30,330
102840,00:45-05:45,300,45,345
103784,01:00-06:00,300,60,360
104728,01:15-06:15,300,75,375
105672,01:30-06:30,300,90,390
106616,01:45-06:45,300,105,405
107560,02:00-07:00,300,120,420
108504,02:15-07:15,300,135,435
109448,02:30-07:30,300,150,450
110392,02:45-07:45,300,165,465
111336,03:00-08:00,300,180,480
112280,03:15-08:15,300,195,495
113224,03:30-08:30,300,210,510
114168,03:45-08:45,300,225,525
115112,04:00-09:00,300,240,540
116056,04:15-09:15,300,255,555
117000,04:30-09:30,300,270,570
117944,04:45-09:45,300,285,585
118888,05:00-10:00,300,300,600
119832,05:15-10:15,300,315,615
120776,05:30-10:30,300,330,630
121720,05:45-10:45,300,345,645
122664,06:00-11:00,300,360,660
123608,06:15-11:15,300,375,675
124552,06:30-11:30,300,390,690
125496,06:45-11:45,300,405,705
126440,07:00-12:00,300,420,720
127384,07:15-12:15,300,435,735
128328,07:30-12:30,300,450,750
129272,07:45-12:45,300,465,765
130216,08:00-13:00,300,480,780
131160,08:15-13:15,300,495,795
132104,08:30-13:30,300,510,810
133048,08:45-13:45,300,525,825
133992,09:00-14:00,300,540,840
134936,09:15-14:15,300,555,855
135880,09:30-14:30,300,570,870
136824,09:45-14:45,300,585,885
137768,10:00-15:00,300,600,900
138712,10:15-15:15,300,615,915
139656,10:30-15:30,300,630,930
140600,10:45-15:45,300,645,945
141544,11:00-16:00,300,660,960
142488,11:15-16:15,300,675,975
143432,11:30-16:30,300,690,990
144376,11:45-16:45,300,705,1005
145320,12:00-17:00,300,720,1020
146264,12:15-17:15,300,735,1035
147208,12:30-17:30,300,750,1050
148152,12:45-17:45,300,765,1065
149096,13:00-18:00,300,780,1080
150040,13:15-18:15,300,795,1095
150984,13:30-18:30,300,810,1110
151928,13:45-18:45,300,825,1125
152872,14:00-19:00,300,840,1140
153816,14:15-19:15,300,855,1155
154760,14:30-19:30,300,870,1170
155704,14:45-19:45,300,885,1185
156648,15:00-20:00,300,900,1200
157592,15:15-20:15,300,915,1215
158536,15:30-20:30,300,930,1230
159480,15:45-20:45,300,945,1245
160424,16:00-21:00,300,960,1260
161368,16:15-21:15,300,975,1275
162312,16:30-21:30,300,990,1290
163256,16:45-21:45,300,1005,1305
164200,17:00-22:00,300,1020,1320
165144,17:15-22:15,300,1035,1335
166088,17:30-22:30,300,1050,1350
167032,17:45-22:45,300,1065,1365
167976,18:00-23:00,300,1080,1380
168920,18:15-23:15,300,1095,1395
169864,18:30-23:30,300,1110,1410
170808,18:45-23:45,300,1125,1425
171752,19:00-00:00,300,1140,1440
172696,19:15-00:15,300,1155,1455
173640,19:30-00:30,300,1170,1470
174584,19:45-00:45,300,1185,1485
175528,20:00-01:00,300,1200,1500
176472,20:15-01:15,300,1215,1515
177416,20:30-01:30,300,1230,1530
178360,20:45-01:45,300,1245,1545
179304,21:00-02:00,300,1260,1560
180248,21:15-02:15,300,1275,1575
181192,21:30-02:30,300,1290,1590
182136,21:45-02:45,300,1305,1605
183080,22:00-03:00,300,1320,1620
184024,22:15-03:15,300,1335,1635
184968,22:30-03:30,300,1350,1650
185912,22:45-03:45,300,1365,1665
186856,23:00-04:00,300,1380,1680
187800,23:15-04:15,300,1395,1695
188744,23:30-04:30,300,1410,1710
189688,23:45-04:45,300,1425,1725
20001,19:00-00:00,300,1140,1440
189689,23:45-05:00,315,1425,1740
188745,23:30-04:45,315,1410,1725
187801,23:15-04:30,315,1395,1710
186857,23:00-04:15,315,1380,1695
185913,22:45-04:00,315,1365,1680
184969,22:30-03:45,315,1350,1665
184025,22:15-03:30,315,1335,1650
183081,22:00-03:15,315,1320,1635
182137,21:45-03:00,315,1305,1620
181193,21:30-02:45,315,1290,1605
180249,21:15-02:30,315,1275,1590
179305,21:00-02:15,315,1260,1575
178361,20:45-02:00,315,1245,1560
177417,20:30-01:45,315,1230,1545
176473,20:15-01:30,315,1215,1530
175529,20:00-01:15,315,1200,1515
174585,19:45-01:00,315,1185,1500
173641,19:30-00:45,315,1170,1485
172697,19:15-00:30,315,1155,1470
171753,19:00-00:15,315,1140,1455
170809,18:45-00:00,315,1125,1440
169865,18:30-23:45,315,1110,1425
168921,18:15-23:30,315,1095,1410
167977,18:00-23:15,315,1080,1395
167033,17:45-23:00,315,1065,1380
166089,17:30-22:45,315,1050,1365
165145,17:15-22:30,315,1035,1350
164201,17:00-22:15,315,1020,1335
163257,16:45-22:00,315,1005,1320
162313,16:30-21:45,315,990,1305
161369,16:15-21:30,315,975,1290
160425,16:00-21:15,315,960,1275
159481,15:45-21:00,315,945,1260
158537,15:30-20:45,315,930,1245
157593,15:15-20:30,315,915,1230
156649,15:00-20:15,315,900,1215
155705,14:45-20:00,315,885,1200
154761,14:30-19:45,315,870,1185
153817,14:15-19:30,315,855,1170
152873,14:00-19:15,315,840,1155
151929,13:45-19:00,315,825,1140
150985,13:30-18:45,315,810,1125
150041,13:15-18:30,315,795,1110
149097,13:00-18:15,315,780,1095
148153,12:45-18:00,315,765,1080
147209,12:30-17:45,315,750,1065
146265,12:15-17:30,315,735,1050
145321,12:00-17:15,315,720,1035
144377,11:45-17:00,315,705,1020
143433,11:30-16:45,315,690,1005
142489,11:15-16:30,315,675,990
141545,11:00-16:15,315,660,975
140601,10:45-16:00,315,645,960
139657,10:30-15:45,315,630,945
138713,10:15-15:30,315,615,930
137769,10:00-15:15,315,600,915
136825,09:45-15:00,315,585,900
135881,09:30-14:45,315,570,885
134937,09:15-14:30,315,555,870
133993,09:00-14:15,315,540,855
133049,08:45-14:00,315,525,840
132105,08:30-13:45,315,510,825
131161,08:15-13:30,315,495,810
130217,08:00-13:15,315,480,795
129273,07:45-13:00,315,465,780
128329,07:30-12:45,315,450,765
127385,07:15-12:30,315,435,750
126441,07:00-12:15,315,420,735
125497,06:45-12:00,315,405,720
124553,06:30-11:45,315,390,705
123609,06:15-11:30,315,375,690
122665,06:00-11:15,315,360,675
121721,05:45-11:00,315,345,660
120777,05:30-10:45,315,330,645
119833,05:15-10:30,315,315,630
118889,05:00-10:15,315,300,615
117945,04:45-10:00,315,285,600
117001,04:30-09:45,315,270,585
116057,04:15-09:30,315,255,570
115113,04:00-09:15,315,240,555
114169,03:45-09:00,315,225,540
113225,03:30-08:45,315,210,525
112281,03:15-08:30,315,195,510
111337,03:00-08:15,315,180,495
110393,02:45-08:00,315,165,480
109449,02:30-07:45,315,150,465
108505,02:15-07:30,315,135,450
107561,02:00-07:15,315,120,435
106617,01:45-07:00,315,105,420
105673,01:30-06:45,315,90,405
104729,01:15-06:30,315,75,390
103785,01:00-06:15,315,60,375
102841,00:45-06:00,315,45,360
101897,00:30-05:45,315,30,345
100953,00:15-05:30,315,15,330
100009,00:00-05:15,315,0,315
100010,00:00-05:30,330,0,330
100954,00:15-05:45,330,15,345
101898,00:30-06:00,330,30,360
102842,00:45-06:15,330,45,375
103786,01:00-06:30,330,60,390
104730,01:15-06:45,330,75,405
105674,01:30-07:00,330,90,420
106618,01:45-07:15,330,105,435
107562,02:00-07:30,330,120,450
108506,02:15-07:45,330,135,465
109450,02:30-08:00,330,150,480
110394,02:45-08:15,330,165,495
111338,03:00-08:30,330,180,510
112282,03:15-08:45,330,195,525
113226,03:30-09:00,330,210,540
114170,03:45-09:15,330,225,555
115114,04:00-09:30,330,240,570
116058,04:15-09:45,330,255,585
117002,04:30-10:00,330,270,600
117946,04:45-10:15,330,285,615
118890,05:00-10:30,330,300,630
119834,05:15-10:45,330,315,645
120778,05:30-11:00,330,330,660
121722,05:45-11:15,330,345,675
122666,06:00-11:30,330,360,690
123610,06:15-11:45,330,375,705
124554,06:30-12:00,330,390,720
125498,06:45-12:15,330,405,735
126442,07:00-12:30,330,420,750
127386,07:15-12:45,330,435,765
128330,07:30-13:00,330,450,780
129274,07:45-13:15,330,465,795
130218,08:00-13:30,330,480,810
131162,08:15-13:45,330,495,825
132106,08:30-14:00,330,510,840
133050,08:45-14:15,330,525,855
133994,09:00-14:30,330,540,870
134938,09:15-14:45,330,555,885
135882,09:30-15:00,330,570,900
136826,09:45-15:15,330,585,915
137770,10:00-15:30,330,600,930
138714,10:15-15:45,330,615,945
139658,10:30-16:00,330,630,960
140602,10:45-16:15,330,645,975
141546,11:00-16:30,330,660,990
142490,11:15-16:45,330,675,1005
143434,11:30-17:00,330,690,1020
144378,11:45-17:15,330,705,1035
145322,12:00-17:30,330,720,1050
146266,12:15-17:45,330,735,1065
147210,12:30-18:00,330,750,1080
148154,12:45-18:15,330,765,1095
149098,13:00-18:30,330,780,1110
150042,13:15-18:45,330,795,1125
150986,13:30-19:00,330,810,1140
151930,13:45-19:15,330,825,1155
152874,14:00-19:30,330,840,1170
153818,14:15-19:45,330,855,1185
154762,14:30-20:00,330,870,1200
155706,14:45-20:15,330,885,1215
156650,15:00-20:30,330,900,1230
157594,15:15-20:45,330,915,1245
158538,15:30-21:00,330,930,1260
159482,15:45-21:15,330,945,1275
160426,16:00-21:30,330,960,1290
161370,16:15-21:45,330,975,1305
162314,16:30-22:00,330,990,1320
163258,16:45-22:15,330,1005,1335
164202,17:00-22:30,330,1020,1350
165146,17:15-22:45,330,1035,1365
166090,17:30-23:00,330,1050,1380
167034,17:45-23:15,330,1065,1395
167978,18:00-23:30,330,1080,1410
168922,18:15-23:45,330,1095,1425
169866,18:30-00:00,330,1110,1440
170810,18:45-00:15,330,1125,1455
171754,19:00-00:30,330,1140,1470
172698,19:15-00:45,330,1155,1485
173642,19:30-01:00,330,1170,1500
174586,19:45-01:15,330,1185,1515
175530,20:00-01:30,330,1200,1530
176474,20:15-01:45,330,1215,1545
177418,20:30-02:00,330,1230,1560
178362,20:45-02:15,330,1245,1575
179306,21:00-02:30,330,1260,1590
180250,21:15-02:45,330,1275,1605
181194,21:30-03:00,330,1290,1620
182138,21:45-03:15,330,1305,1635
183082,22:00-03:30,330,1320,1650
184026,22:15-03:45,330,1335,1665
184970,22:30-04:00,330,1350,1680
185914,22:45-04:15,330,1365,1695
186858,23:00-04:30,330,1380,1710
187802,23:15-04:45,330,1395,1725
188746,23:30-05:00,330,1410,1740
189690,23:45-05:15,330,1425,1755
189691,23:45-05:30,345,1425,1770
188747,23:30-05:15,345,1410,1755
187803,23:15-05:00,345,1395,1740
186859,23:00-04:45,345,1380,1725
185915,22:45-04:30,345,1365,1710
184971,22:30-04:15,345,1350,1695
184027,22:15-04:00,345,1335,1680
183083,22:00-03:45,345,1320,1665
182139,21:45-03:30,345,1305,1650
181195,21:30-03:15,345,1290,1635
180251,21:15-03:00,345,1275,1620
179307,21:00-02:45,345,1260,1605
178363,20:45-02:30,345,1245,1590
177419,20:30-02:15,345,1230,1575
176475,20:15-02:00,345,1215,1560
175531,20:00-01:45,345,1200,1545
174587,19:45-01:30,345,1185,1530
173643,19:30-01:15,345,1170,1515
172699,19:15-01:00,345,1155,1500
171755,19:00-00:45,345,1140,1485
170811,18:45-00:30,345,1125,1470
169867,18:30-00:15,345,1110,1455
168923,18:15-00:00,345,1095,1440
167979,18:00-23:45,345,1080,1425
167035,17:45-23:30,345,1065,1410
166091,17:30-23:15,345,1050,1395
165147,17:15-23:00,345,1035,1380
164203,17:00-22:45,345,1020,1365
163259,16:45-22:30,345,1005,1350
162315,16:30-22:15,345,990,1335
161371,16:15-22:00,345,975,1320
160427,16:00-21:45,345,960,1305
159483,15:45-21:30,345,945,1290
158539,15:30-21:15,345,930,1275
157595,15:15-21:00,345,915,1260
156651,15:00-20:45,345,900,1245
155707,14:45-20:30,345,885,1230
154763,14:30-20:15,345,870,1215
153819,14:15-20:00,345,855,1200
152875,14:00-19:45,345,840,1185
151931,13:45-19:30,345,825,1170
150987,13:30-19:15,345,810,1155
150043,13:15-19:00,345,795,1140
149099,13:00-18:45,345,780,1125
148155,12:45-18:30,345,765,1110
147211,12:30-18:15,345,750,1095
146267,12:15-18:00,345,735,1080
145323,12:00-17:45,345,720,1065
144379,11:45-17:30,345,705,1050
143435,11:30-17:15,345,690,1035
142491,11:15-17:00,345,675,1020
141547,11:00-16:45,345,660,1005
140603,10:45-16:30,345,645,990
139659,10:30-16:15,345,630,975
138715,10:15-16:00,345,615,960
137771,10:00-15:45,345,600,945
136827,09:45-15:30,345,585,930
135883,09:30-15:15,345,570,915
134939,09:15-15:00,345,555,900
133995,09:00-14:45,345,540,885
133051,08:45-14:30,345,525,870
132107,08:30-14:15,345,510,855
131163,08:15-14:00,345,495,840
130219,08:00-13:45,345,480,825
129275,07:45-13:30,345,465,810
128331,07:30-13:15,345,450,795
127387,07:15-13:00,345,435,780
126443,07:00-12:45,345,420,765
125499,06:45-12:30,345,405,750
124555,06:30-12:15,345,390,735
123611,06:15-12:00,345,375,720
122667,06:00-11:45,345,360,705
121723,05:45-11:30,345,345,690
120779,05:30-11:15,345,330,675
119835,05:15-11:00,345,315,660
118891,05:00-10:45,345,300,645
117947,04:45-10:30,345,285,630
117003,04:30-10:15,345,270,615
116059,04:15-10:00,345,255,600
115115,04:00-09:45,345,240,585
114171,03:45-09:30,345,225,570
113227,03:30-09:15,345,210,555
112283,03:15-09:00,345,195,540
111339,03:00-08:45,345,180,525
110395,02:45-08:30,345,165,510
109451,02:30-08:15,345,150,495
108507,02:15-08:00,345,135,480
107563,02:00-07:45,345,120,465
106619,01:45-07:30,345,105,450
105675,01:30-07:15,345,90,435
104731,01:15-07:00,345,75,420
103787,01:00-06:45,345,60,405
102843,00:45-06:30,345,45,390
101899,00:30-06:15,345,30,375
100955,00:15-06:00,345,15,360
100011,00:00-05:45,345,0,345
100012,00:00-06:00,360,0,360
100956,00:15-06:15,360,15,375
101900,00:30-06:30,360,30,390
102844,00:45-06:45,360,45,405
103788,01:00-07:00,360,60,420
104732,01:15-07:15,360,75,435
105676,01:30-07:30,360,90,450
106620,01:45-07:45,360,105,465
107564,02:00-08:00,360,120,480
108508,02:15-08:15,360,135,495
109452,02:30-08:30,360,150,510
110396,02:45-08:45,360,165,525
111340,03:00-09:00,360,180,540
112284,03:15-09:15,360,195,555
113228,03:30-09:30,360,210,570
114172,03:45-09:45,360,225,585
115116,04:00-10:00,360,240,600
116060,04:15-10:15,360,255,615
117004,04:30-10:30,360,270,630
117948,04:45-10:45,360,285,645
118892,05:00-11:00,360,300,660
119836,05:15-11:15,360,315,675
120780,05:30-11:30,360,330,690
121724,05:45-11:45,360,345,705
122668,06:00-12:00,360,360,720
123612,06:15-12:15,360,375,735
124556,06:30-12:30,360,390,750
125500,06:45-12:45,360,405,765
126444,07:00-13:00,360,420,780
127388,07:15-13:15,360,435,795
128332,07:30-13:30,360,450,810
129276,07:45-13:45,360,465,825
130220,08:00-14:00,360,480,840
131164,08:15-14:15,360,495,855
132108,08:30-14:30,360,510,870
133052,08:45-14:45,360,525,885
133996,09:00-15:00,360,540,900
134940,09:15-15:15,360,555,915
135884,09:30-15:30,360,570,930
136828,09:45-15:45,360,585,945
137772,10:00-16:00,360,600,960
138716,10:15-16:15,360,615,975
139660,10:30-16:30,360,630,990
140604,10:45-16:45,360,645,1005
141548,11:00-17:00,360,660,1020
142492,11:15-17:15,360,675,1035
143436,11:30-17:30,360,690,1050
144380,11:45-17:45,360,705,1065
145324,12:00-18:00,360,720,1080
146268,12:15-18:15,360,735,1095
147212,12:30-18:30,360,750,1110
148156,12:45-18:45,360,765,1125
149100,13:00-19:00,360,780,1140
150044,13:15-19:15,360,795,1155
150988,13:30-19:30,360,810,1170
151932,13:45-19:45,360,825,1185
152876,14:00-20:00,360,840,1200
153820,14:15-20:15,360,855,1215
154764,14:30-20:30,360,870,1230
155708,14:45-20:45,360,885,1245
156652,15:00-21:00,360,900,1260
157596,15:15-21:15,360,915,1275
158540,15:30-21:30,360,930,1290
159484,15:45-21:45,360,945,1305
160428,16:00-22:00,360,960,1320
161372,16:15-22:15,360,975,1335
162316,16:30-22:30,360,990,1350
163260,16:45-22:45,360,1005,1365
164204,17:00-23:00,360,1020,1380
165148,17:15-23:15,360,1035,1395
166092,17:30-23:30,360,1050,1410
167036,17:45-23:45,360,1065,1425
167980,18:00-00:00,360,1080,1440
168924,18:15-00:15,360,1095,1455
169868,18:30-00:30,360,1110,1470
170812,18:45-00:45,360,1125,1485
171756,19:00-01:00,360,1140,1500
172700,19:15-01:15,360,1155,1515
173644,19:30-01:30,360,1170,1530
174588,19:45-01:45,360,1185,1545
175532,20:00-02:00,360,1200,1560
176476,20:15-02:15,360,1215,1575
177420,20:30-02:30,360,1230,1590
178364,20:45-02:45,360,1245,1605
179308,21:00-03:00,360,1260,1620
180252,21:15-03:15,360,1275,1635
181196,21:30-03:30,360,1290,1650
182140,21:45-03:45,360,1305,1665
183084,22:00-04:00,360,1320,1680
184028,22:15-04:15,360,1335,1695
184972,22:30-04:30,360,1350,1710
185916,22:45-04:45,360,1365,1725
186860,23:00-05:00,360,1380,1740
187804,23:15-05:15,360,1395,1755
188748,23:30-05:30,360,1410,1770
189692,23:45-05:45,360,1425,1785
300000,10:00-16:30,390,600,990
300001,16:30-23:00,390,990,1380
1010,00:00-07:30,450,0,450
1020,Flexible,480,,
1014,08:00-16:00,480,480,960
1015,16:00-00:00,480,960,1440
1016,00:00-08:00,480,0,480
10006,11:00-21:00,600,660,1260
1007,19:30-07:30,720,1170,1890
1008,00:00-12:00,720,0,720
1009,12:00-00:00,720,720,1440
10001,10:00-23:00,780,600,1380
10005,08:30-22:00,810,510,1320
10002,10:00-00:00,840,600,1440
10000,07:30-23:30,960,450,1410
1018,16:00-08:00,960,960,1920
1017,08:00-08:00,1440,480,1920
1006,07:30-07:30,1440,450,1890
10003,00:00-00:00,1440,0,1440
10004,08:00-08:00,1440,480,1920
