date,shift,team,minimum,ideal,estimated
2025-01-01,M,A,2,2,2
2025-01-01,T,A,2,2,2
2025-01-01,M,B,1,1,1
2025-01-01,T,B,1,1,1
2025-01-02,M,A,2,2,2
2025-01-02,T,A,2,2,2
2025-01-02,M,B,1,1,1
2025-01-02,T,B,1,1,1
2025-01-03,M,A,2,3,3
2025-01-03,T,A,2,3,3
2025-01-03,M,B,1,1,1
2025-01-03,T,B,1,2,2
2025-01-04,M,A,2,3,3
2025-01-04,T,A,2,3,3
2025-01-04,M,B,1,1,1
2025-01-04,T,B,1,2,2
2025-01-05,M,A,1,2,2
2025-01-05,T,A,1,2,2
2025-01-05,M,B,1,1,1
2025-01-05,T,B,1,1,1
2025-01-06,M,A,2,2,2
2025-01-06,T,A,2,2,2
2025-01-06,M,B,1,1,1
2025-01-06,T,B,1,1,1
2025-01-07,M,A,2,2,2
2025-01-07,T,A,2,2,2
2025-01-07,M,B,1,1,1
2025-01-07,T,B,1,1,1
2025-01-08,M,A,2,2,2
2025-01-08,T,A,2,2,2
2025-01-08,M,B,1,1,1
2025-01-08,T,B,1,1,1
2025-01-09,M,A,2,2,2
2025-01-09,T,A,2,2,2
2025-01-09,M,B,1,1,1
2025-01-09,T,B,1,1,1
2025-01-10,M,A,2,3,3
2025-01-10,T,A,2,3,3
2025-01-10,M,B,1,1,1
2025-01-10,T,B,1,2,2
2025-01-11,M,A,2,3,3
2025-01-11,T,A,2,3,3
2025-01-11,M,B,1,1,1
2025-01-11,T,B,1,2,2
2025-01-12,M,A,1,2,2
2025-01-12,T,A,1,2,2
2025-01-12,M,B,1,1,1
2025-01-12,T,B,1,1,1
2025-01-13,M,A,2,2,2
2025-01-13,T,A,2,2,2
2025-01-13,M,B,1,1,1
2025-01-13,T,B,1,1,1
2025-01-14,M,A,2,2,2
2025-01-14,T,A,2,2,2
2025-01-14,M,B,1,1,1
2025-01-14,T,B,1,1,1
2025-01-15,M,A,2,2,2
2025-01-15,T,A,2,2,2
2025-01-15,M,B,1,1,1
2025-01-15,T,B,1,1,1
2025-01-16,M,A,2,2,2
2025-01-16,T,A,2,2,2
2025-01-16,M,B,1,1,1
2025-01-16,T,B,1,1,1
2025-01-17,M,A,2,3,3
2025-01-17,T,A,2,3,3
2025-01-17,M,B,1,1,1
2025-01-17,T,B,1,2,2
2025-01-18,M,A,2,3,3
2025-01-18,T,A,2,3,3
2025-01-18,M,B,1,1,1
2025-01-18,T,B,1,2,2
2025-01-19,M,A,1,2,2
2025-01-19,T,A,1,2,2
2025-01-19,M,B,1,1,1
2025-01-19,T,B,1,1,1
2025-01-20,M,A,2,2,2
2025-01-20,T,A,2,2,2
2025-01-20,M,B,1,1,1
2025-01-20,T,B,1,1,1
2025-01-21,M,A,2,2,2
2025-01-21,T,A,2,2,2
2025-01-21,M,B,1,1,1
2025-01-21,T,B,1,1,1
2025-01-22,M,A,2,2,2
2025-01-22,T,A,2,2,2
2025-01-22,M,B,1,1,1
2025-01-22,T,B,1,1,1
2025-01-23,M,A,2,2,2
2025-01-23,T,A,2,2,2
2025-01-23,M,B,1,1,1
2025-01-23,T,B,1,1,1
2025-01-24,M,A,2,3,3
2025-01-24,T,A,2,3,3
2025-01-24,M,B,1,1,1
2025-01-24,T,B,1,2,2
2025-01-25,M,A,2,3,3
2025-01-25,T,A,2,3,3
2025-01-25,M,B,1,1,1
2025-01-25,T,B,1,2,2
2025-01-26,M,A,1,2,2
2025-01-26,T,A,1,2,2
2025-01-26,M,B,1,1,1
2025-01-26,T,B,1,1,1
2025-01-27,M,A,2,2,2
2025-01-27,T,A,2,2,2
2025-01-27,M,B,1,1,1
2025-01-27,T,B,1,1,1
2025-01-28,M,A,2,2,2
2025-01-28,T,A,2,2,2
2025-01-28,M,B,1,1,1
2025-01-28,T,B,1,1,1
2025-01-29,M,A,2,2,2
2025-01-29,T,A,2,2,2
2025-01-29,M,B,1,1,1
2025-01-29,T,B,1,1,1
2025-01-30,M,A,2,2,2
2025-01-30,T,A,2,2,2
2025-01-30,M,B,1,1,1
2025-01-30,T,B,1,1,1
2025-01-31,M,A,2,3,3
2025-01-31,T,A,2,3,3
2025-01-31,M,B,1,1,1
2025-01-31,T,B,1,2,2
2025-02-01,M,A,2,3,3
2025-02-01,T,A,2,3,3
2025-02-01,M,B,1,1,1
2025-02-01,T,B,1,2,2
2025-02-02,M,A,1,2,2
2025-02-02,T,A,1,2,2
2025-02-02,M,B,1,1,1
2025-02-02,T,B,1,1,1
2025-02-03,M,A,2,2,2
2025-02-03,T,A,2,2,2
2025-02-03,M,B,1,1,1
2025-02-03,T,B,1,1,1
2025-02-04,M,A,2,2,2
2025-02-04,T,A,2,2,2
2025-02-04,M,B,1,1,1
2025-02-04,T,B,1,1,1
2025-02-05,M,A,2,2,2
2025-02-05,T,A,2,2,2
2025-02-05,M,B,1,1,1
2025-02-05,T,B,1,1,1
2025-02-06,M,A,2,2,2
2025-02-06,T,A,2,2,2
2025-02-06,M,B,1,1,1
2025-02-06,T,B,1,1,1
2025-02-07,M,A,2,3,3
2025-02-07,T,A,2,3,3
2025-02-07,M,B,1,1,1
2025-02-07,T,B,1,2,2
2025-02-08,M,A,2,3,3
2025-02-08,T,A,2,3,3
2025-02-08,M,B,1,1,1
2025-02-08,T,B,1,2,2
2025-02-09,M,A,1,2,2
2025-02-09,T,A,1,2,2
2025-02-09,M,B,1,1,1
2025-02-09,T,B,1,1,1
2025-02-10,M,A,2,2,2
2025-02-10,T,A,2,2,2
2025-02-10,M,B,1,1,1
2025-02-10,T,B,1,1,1
2025-02-11,M,A,2,2,2
2025-02-11,T,A,2,2,2
2025-02-11,M,B,1,1,1
2025-02-11,T,B,1,1,1
2025-02-12,M,A,2,2,2
2025-02-12,T,A,2,2,2
2025-02-12,M,B,1,1,1
2025-02-12,T,B,1,1,1
2025-02-13,M,A,2,2,2
2025-02-13,T,A,2,2,2
2025-02-13,M,B,1,1,1
2025-02-13,T,B,1,1,1
2025-02-14,M,A,2,3,3
2025-02-14,T,A,2,3,3
2025-02-14,M,B,1,1,1
2025-02-14,T,B,1,2,2
2025-02-15,M,A,2,3,3
2025-02-15,T,A,2,3,3
2025-02-15,M,B,1,1,1
2025-02-15,T,B,1,2,2
2025-02-16,M,A,1,2,2
2025-02-16,T,A,1,2,2
2025-02-16,M,B,1,1,1
2025-02-16,T,B,1,1,1
2025-02-17,M,A,2,2,2
2025-02-17,T,A,2,2,2
2025-02-17,M,B,1,1,1
2025-02-17,T,B,1,1,1
2025-02-18,M,A,2,2,2
2025-02-18,T,A,2,2,2
2025-02-18,M,B,1,1,1
2025-02-18,T,B,1,1,1
2025-02-19,M,A,2,2,2
2025-02-19,T,A,2,2,2
2025-02-19,M,B,1,1,1
2025-02-19,T,B,1,1,1
2025-02-20,M,A,2,2,2
2025-02-20,T,A,2,2,2
2025-02-20,M,B,1,1,1
2025-02-20,T,B,1,1,1
2025-02-21,M,A,2,3,3
2025-02-21,T,A,2,3,3
2025-02-21,M,B,1,1,1
2025-02-21,T,B,1,2,2
2025-02-22,M,A,2,3,3
2025-02-22,T,A,2,3,3
2025-02-22,M,B,1,1,1
2025-02-22,T,B,1,2,2
2025-02-23,M,A,1,2,2
2025-02-23,T,A,1,2,2
2025-02-23,M,B,1,1,1
2025-02-23,T,B,1,1,1
2025-02-24,M,A,2,2,2
2025-02-24,T,A,2,2,2
2025-02-24,M,B,1,1,1
2025-02-24,T,B,1,1,1
2025-02-25,M,A,2,2,2
2025-02-25,T,A,2,2,2
2025-02-25,M,B,1,1,1
2025-02-25,T,B,1,1,1
2025-02-26,M,A,2,2,2
2025-02-26,T,A,2,2,2
2025-02-26,M,B,1,1,1
2025-02-26,T,B,1,1,1
2025-02-27,M,A,2,2,2
2025-02-27,T,A,2,2,2
2025-02-27,M,B,1,1,1
2025-02-27,T,B,1,1,1
2025-02-28,M,A,2,3,3
2025-02-28,T,A,2,3,3
2025-02-28,M,B,1,1,1
2025-02-28,T,B,1,2,2
2025-03-01,M,A,2,3,3
2025-03-01,T,A,2,3,3
2025-03-01,M,B,1,1,1
2025-03-01,T,B,1,2,2
2025-03-02,M,A,1,2,2
2025-03-02,T,A,1,2,2
2025-03-02,M,B,1,1,1
2025-03-02,T,B,1,1,1
2025-03-03,M,A,2,2,2
2025-03-03,T,A,2,2,2
2025-03-03,M,B,1,1,1
2025-03-03,T,B,1,1,1
2025-03-04,M,A,2,2,2
2025-03-04,T,A,2,2,2
2025-03-04,M,B,1,1,1
2025-03-04,T,B,1,1,1
2025-03-05,M,A,2,2,2
2025-03-05,T,A,2,2,2
2025-03-05,M,B,1,1,1
2025-03-05,T,B,1,1,1
2025-03-06,M,A,2,2,2
2025-03-06,T,A,2,2,2
2025-03-06,M,B,1,1,1
2025-03-06,T,B,1,1,1
2025-03-07,M,A,2,3,3
2025-03-07,T,A,2,3,3
2025-03-07,M,B,1,1,1
2025-03-07,T,B,1,2,2
2025-03-08,M,A,2,3,3
2025-03-08,T,A,2,3,3
2025-03-08,M,B,1,1,1
2025-03-08,T,B,1,2,2
2025-03-09,M,A,1,2,2
2025-03-09,T,A,1,2,2
2025-03-09,M,B,1,1,1
2025-03-09,T,B,1,1,1
2025-03-10,M,A,2,2,2
2025-03-10,T,A,2,2,2
2025-03-10,M,B,1,1,1
2025-03-10,T,B,1,1,1
2025-03-11,M,A,2,2,2
2025-03-11,T,A,2,2,2
2025-03-11,M,B,1,1,1
2025-03-11,T,B,1,1,1
2025-03-12,M,A,2,2,2
2025-03-12,T,A,2,2,2
2025-03-12,M,B,1,1,1
2025-03-12,T,B,1,1,1
2025-03-13,M,A,2,2,2
2025-03-13,T,A,2,2,2
2025-03-13,M,B,1,1,1
2025-03-13,T,B,1,1,1
2025-03-14,M,A,2,3,3
2025-03-14,T,A,2,3,3
2025-03-14,M,B,1,1,1
2025-03-14,T,B,1,2,2
2025-03-15,M,A,2,3,3
2025-03-15,T,A,2,3,3
2025-03-15,M,B,1,1,1
2025-03-15,T,B,1,2,2
2025-03-16,M,A,1,2,2
2025-03-16,T,A,1,2,2
2025-03-16,M,B,1,1,1
2025-03-16,T,B,1,1,1
2025-03-17,M,A,2,2,2
2025-03-17,T,A,2,2,2
2025-03-17,M,B,1,1,1
2025-03-17,T,B,1,1,1
2025-03-18,M,A,2,2,2
2025-03-18,T,A,2,2,2
2025-03-18,M,B,1,1,1
2025-03-18,T,B,1,1,1
2025-03-19,M,A,2,2,2
2025-03-19,T,A,2,2,2
2025-03-19,M,B,1,1,1
2025-03-19,T,B,1,1,1
2025-03-20,M,A,2,2,2
2025-03-20,T,A,2,2,2
2025-03-20,M,B,1,1,1
2025-03-20,T,B,1,1,1
2025-03-21,M,A,2,3,3
2025-03-21,T,A,2,3,3
2025-03-21,M,B,1,1,1
2025-03-21,T,B,1,2,2
2025-03-22,M,A,2,3,3
2025-03-22,T,A,2,3,3
2025-03-22,M,B,1,1,1
2025-03-22,T,B,1,2,2
2025-03-23,M,A,1,2,2
2025-03-23,T,A,1,2,2
2025-03-23,M,B,1,1,1
2025-03-23,T,B,1,1,1
2025-03-24,M,A,2,2,2
2025-03-24,T,A,2,2,2
2025-03-24,M,B,1,1,1
2025-03-24,T,B,1,1,1
2025-03-25,M,A,2,2,2
2025-03-25,T,A,2,2,2
2025-03-25,M,B,1,1,1
2025-03-25,T,B,1,1,1
2025-03-26,M,A,2,2,2
2025-03-26,T,A,2,2,2
2025-03-26,M,B,1,1,1
2025-03-26,T,B,1,1,1
2025-03-27,M,A,2,2,2
2025-03-27,T,A,2,2,2
2025-03-27,M,B,1,1,1
2025-03-27,T,B,1,1,1
2025-03-28,M,A,2,3,3
2025-03-28,T,A,2,3,3
2025-03-28,M,B,1,1,1
2025-03-28,T,B,1,2,2
2025-03-29,M,A,2,3,3
2025-03-29,T,A,2,3,3
2025-03-29,M,B,1,1,1
2025-03-29,T,B,1,2,2
2025-03-30,M,A,1,2,2
2025-03-30,T,A,1,2,2
2025-03-30,M,B,1,1,1
2025-03-30,T,B,1,1,1
2025-03-31,M,A,2,2,2
2025-03-31,T,A,2,2,2
2025-03-31,M,B,1,1,1
2025-03-31,T,B,1,1,1
2025-04-01,M,A,2,2,2
2025-04-01,T,A,2,2,2
2025-04-01,M,B,1,1,1
2025-04-01,T,B,1,1,1
2025-04-02,M,A,2,2,2
2025-04-02,T,A,2,2,2
2025-04-02,M,B,1,1,1
2025-04-02,T,B,1,1,1
2025-04-03,M,A,2,2,2
2025-04-03,T,A,2,2,2
2025-04-03,M,B,1,1,1
2025-04-03,T,B,1,1,1
2025-04-04,M,A,2,3,3
2025-04-04,T,A,2,3,3
2025-04-04,M,B,1,1,1
2025-04-04,T,B,1,2,2
2025-04-05,M,A,2,3,3
2025-04-05,T,A,2,3,3
2025-04-05,M,B,1,1,1
2025-04-05,T,B,1,2,2
2025-04-06,M,A,1,2,2
2025-04-06,T,A,1,2,2
2025-04-06,M,B,1,1,1
2025-04-06,T,B,1,1,1
2025-04-07,M,A,2,2,2
2025-04-07,T,A,2,2,2
2025-04-07,M,B,1,1,1
2025-04-07,T,B,1,1,1
2025-04-08,M,A,2,2,2
2025-04-08,T,A,2,2,2
2025-04-08,M,B,1,1,1
2025-04-08,T,B,1,1,1
2025-04-09,M,A,2,2,2
2025-04-09,T,A,2,2,2
2025-04-09,M,B,1,1,1
2025-04-09,T,B,1,1,1
2025-04-10,M,A,2,2,2
2025-04-10,T,A,2,2,2
2025-04-10,M,B,1,1,1
2025-04-10,T,B,1,1,1
2025-04-11,M,A,2,3,3
2025-04-11,T,A,2,3,3
2025-04-11,M,B,1,1,1
2025-04-11,T,B,1,2,2
2025-04-12,M,A,2,3,3
2025-04-12,T,A,2,3,3
2025-04-12,M,B,1,1,1
2025-04-12,T,B,1,2,2
2025-04-13,M,A,1,2,2
2025-04-13,T,A,1,2,2
2025-04-13,M,B,1,1,1
2025-04-13,T,B,1,1,1
2025-04-14,M,A,2,2,2
2025-04-14,T,A,2,2,2
2025-04-14,M,B,1,1,1
2025-04-14,T,B,1,1,1
2025-04-15,M,A,2,2,2
2025-04-15,T,A,2,2,2
2025-04-15,M,B,1,1,1
2025-04-15,T,B,1,1,1
2025-04-16,M,A,2,2,2
2025-04-16,T,A,2,2,2
2025-04-16,M,B,1,1,1
2025-04-16,T,B,1,1,1
2025-04-17,M,A,2,2,2
2025-04-17,T,A,2,2,2
2025-04-17,M,B,1,1,1
2025-04-17,T,B,1,1,1
2025-04-18,M,A,2,3,3
2025-04-18,T,A,2,3,3
2025-04-18,M,B,1,1,1
2025-04-18,T,B,1,2,2
2025-04-19,M,A,2,3,3
2025-04-19,T,A,2,3,3
2025-04-19,M,B,1,1,1
2025-04-19,T,B,1,2,2
2025-04-20,M,A,1,2,2
2025-04-20,T,A,1,2,2
2025-04-20,M,B,1,1,1
2025-04-20,T,B,1,1,1
2025-04-21,M,A,2,2,2
2025-04-21,T,A,2,2,2
2025-04-21,M,B,1,1,1
2025-04-21,T,B,1,1,1
2025-04-22,M,A,2,2,2
2025-04-22,T,A,2,2,2
2025-04-22,M,B,1,1,1
2025-04-22,T,B,1,1,1
2025-04-23,M,A,2,2,2
2025-04-23,T,A,2,2,2
2025-04-23,M,B,1,1,1
2025-04-23,T,B,1,1,1
2025-04-24,M,A,2,2,2
2025-04-24,T,A,2,2,2
2025-04-24,M,B,1,1,1
2025-04-24,T,B,1,1,1
2025-04-25,M,A,2,3,3
2025-04-25,T,A,2,3,3
2025-04-25,M,B,1,1,1
2025-04-25,T,B,1,2,2
2025-04-26,M,A,2,3,3
2025-04-26,T,A,2,3,3
2025-04-26,M,B,1,1,1
2025-04-26,T,B,1,2,2
2025-04-27,M,A,1,2,2
2025-04-27,T,A,1,2,2
2025-04-27,M,B,1,1,1
2025-04-27,T,B,1,1,1
2025-04-28,M,A,2,2,2
2025-04-28,T,A,2,2,2
2025-04-28,M,B,1,1,1
2025-04-28,T,B,1,1,1
2025-04-29,M,A,2,2,2
2025-04-29,T,A,2,2,2
2025-04-29,M,B,1,1,1
2025-04-29,T,B,1,1,1
2025-04-30,M,A,2,2,2
2025-04-30,T,A,2,2,2
2025-04-30,M,B,1,1,1
2025-04-30,T,B,1,1,1
2025-05-01,M,A,2,2,2
2025-05-01,T,A,2,2,2
2025-05-01,M,B,1,1,1
2025-05-01,T,B,1,1,1
2025-05-02,M,A,2,3,3
2025-05-02,T,A,2,3,3
2025-05-02,M,B,1,1,1
2025-05-02,T,B,1,2,2
2025-05-03,M,A,2,3,3
2025-05-03,T,A,2,3,3
2025-05-03,M,B,1,1,1
2025-05-03,T,B,1,2,2
2025-05-04,M,A,1,2,2
2025-05-04,T,A,1,2,2
2025-05-04,M,B,1,1,1
2025-05-04,T,B,1,1,1
2025-05-05,M,A,2,2,2
2025-05-05,T,A,2,2,2
2025-05-05,M,B,1,1,1
2025-05-05,T,B,1,1,1
2025-05-06,M,A,2,2,2
2025-05-06,T,A,2,2,2
2025-05-06,M,B,1,1,1
2025-05-06,T,B,1,1,1
2025-05-07,M,A,2,2,2
2025-05-07,T,A,2,2,2
2025-05-07,M,B,1,1,1
2025-05-07,T,B,1,1,1
2025-05-08,M,A,2,2,2
2025-05-08,T,A,2,2,2
2025-05-08,M,B,1,1,1
2025-05-08,T,B,1,1,1
2025-05-09,M,A,2,3,3
2025-05-09,T,A,2,3,3
2025-05-09,M,B,1,1,1
2025-05-09,T,B,1,2,2
2025-05-10,M,A,2,3,3
2025-05-10,T,A,2,3,3
2025-05-10,M,B,1,1,1
2025-05-10,T,B,1,2,2
2025-05-11,M,A,1,2,2
2025-05-11,T,A,1,2,2
2025-05-11,M,B,1,1,1
2025-05-11,T,B,1,1,1
2025-05-12,M,A,2,2,2
2025-05-12,T,A,2,2,2
2025-05-12,M,B,1,1,1
2025-05-12,T,B,1,1,1
2025-05-13,M,A,2,2,2
2025-05-13,T,A,2,2,2
2025-05-13,M,B,1,1,1
2025-05-13,T,B,1,1,1
2025-05-14,M,A,2,2,2
2025-05-14,T,A,2,2,2
2025-05-14,M,B,1,1,1
2025-05-14,T,B,1,1,1
2025-05-15,M,A,2,2,2
2025-05-15,T,A,2,2,2
2025-05-15,M,B,1,1,1
2025-05-15,T,B,1,1,1
2025-05-16,M,A,2,3,3
2025-05-16,T,A,2,3,3
2025-05-16,M,B,1,1,1
2025-05-16,T,B,1,2,2
2025-05-17,M,A,2,3,3
2025-05-17,T,A,2,3,3
2025-05-17,M,B,1,1,1
2025-05-17,T,B,1,2,2
2025-05-18,M,A,1,2,2
2025-05-18,T,A,1,2,2
2025-05-18,M,B,1,1,1
2025-05-18,T,B,1,1,1
2025-05-19,M,A,2,2,2
2025-05-19,T,A,2,2,2
2025-05-19,M,B,1,1,1
2025-05-19,T,B,1,1,1
2025-05-20,M,A,2,2,2
2025-05-20,T,A,2,2,2
2025-05-20,M,B,1,1,1
2025-05-20,T,B,1,1,1
2025-05-21,M,A,2,2,2
2025-05-21,T,A,2,2,2
2025-05-21,M,B,1,1,1
2025-05-21,T,B,1,1,1
2025-05-22,M,A,2,2,2
2025-05-22,T,A,2,2,2
2025-05-22,M,B,1,1,1
2025-05-22,T,B,1,1,1
2025-05-23,M,A,2,3,3
2025-05-23,T,A,2,3,3
2025-05-23,M,B,1,1,1
2025-05-23,T,B,1,2,2
2025-05-24,M,A,2,3,3
2025-05-24,T,A,2,3,3
2025-05-24,M,B,1,1,1
2025-05-24,T,B,1,2,2
2025-05-25,M,A,1,2,2
2025-05-25,T,A,1,2,2
2025-05-25,M,B,1,1,1
2025-05-25,T,B,1,1,1
2025-05-26,M,A,2,2,2
2025-05-26,T,A,2,2,2
2025-05-26,M,B,1,1,1
2025-05-26,T,B,1,1,1
2025-05-27,M,A,2,2,2
2025-05-27,T,A,2,2,2
2025-05-27,M,B,1,1,1
2025-05-27,T,B,1,1,1
2025-05-28,M,A,2,2,2
2025-05-28,T,A,2,2,2
2025-05-28,M,B,1,1,1
2025-05-28,T,B,1,1,1
2025-05-29,M,A,2,2,2
2025-05-29,T,A,2,2,2
2025-05-29,M,B,1,1,1
2025-05-29,T,B,1,1,1
2025-05-30,M,A,2,3,3
2025-05-30,T,A,2,3,3
2025-05-30,M,B,1,1,1
2025-05-30,T,B,1,2,2
2025-05-31,M,A,2,3,3
2025-05-31,T,A,2,3,3
2025-05-31,M,B,1,1,1
2025-05-31,T,B,1,2,2
2025-06-01,M,A,1,2,2
2025-06-01,T,A,1,2,2
2025-06-01,M,B,1,1,1
2025-06-01,T,B,1,1,1
2025-06-02,M,A,2,2,2
2025-06-02,T,A,2,2,2
2025-06-02,M,B,1,1,1
2025-06-02,T,B,1,1,1
2025-06-03,M,A,2,2,2
2025-06-03,T,A,2,2,2
2025-06-03,M,B,1,1,1
2025-06-03,T,B,1,1,1
2025-06-04,M,A,2,2,2
2025-06-04,T,A,2,2,2
2025-06-04,M,B,1,1,1
2025-06-04,T,B,1,1,1
2025-06-05,M,A,2,2,2
2025-06-05,T,A,2,2,2
2025-06-05,M,B,1,1,1
2025-06-05,T,B,1,1,1
2025-06-06,M,A,2,3,3
2025-06-06,T,A,2,3,3
2025-06-06,M,B,1,1,1
2025-06-06,T,B,1,2,2
2025-06-07,M,A,2,3,3
2025-06-07,T,A,2,3,3
2025-06-07,M,B,1,1,1
2025-06-07,T,B,1,2,2
2025-06-08,M,A,1,2,2
2025-06-08,T,A,1,2,2
2025-06-08,M,B,1,1,1
2025-06-08,T,B,1,1,1
2025-06-09,M,A,2,2,2
2025-06-09,T,A,2,2,2
2025-06-09,M,B,1,1,1
2025-06-09,T,B,1,1,1
2025-06-10,M,A,2,2,2
2025-06-10,T,A,2,2,2
2025-06-10,M,B,1,1,1
2025-06-10,T,B,1,1,1
2025-06-11,M,A,2,2,2
2025-06-11,T,A,2,2,2
2025-06-11,M,B,1,1,1
2025-06-11,T,B,1,1,1
2025-06-12,M,A,2,2,2
2025-06-12,T,A,2,2,2
2025-06-12,M,B,1,1,1
2025-06-12,T,B,1,1,1
2025-06-13,M,A,2,3,3
2025-06-13,T,A,2,3,3
2025-06-13,M,B,1,1,1
2025-06-13,T,B,1,2,2
2025-06-14,M,A,2,3,3
2025-06-14,T,A,2,3,3
2025-06-14,M,B,1,1,1
2025-06-14,T,B,1,2,2
2025-06-15,M,A,1,2,2
2025-06-15,T,A,1,2,2
2025-06-15,M,B,1,1,1
2025-06-15,T,B,1,1,1
2025-06-16,M,A,2,2,2
2025-06-16,T,A,2,2,2
2025-06-16,M,B,1,1,1
2025-06-16,T,B,1,1,1
2025-06-17,M,A,2,2,2
2025-06-17,T,A,2,2,2
2025-06-17,M,B,1,1,1
2025-06-17,T,B,1,1,1
2025-06-18,M,A,2,2,2
2025-06-18,T,A,2,2,2
2025-06-18,M,B,1,1,1
2025-06-18,T,B,1,1,1
2025-06-19,M,A,2,2,2
2025-06-19,T,A,2,2,2
2025-06-19,M,B,1,1,1
2025-06-19,T,B,1,1,1
2025-06-20,M,A,2,3,3
2025-06-20,T,A,2,3,3
2025-06-20,M,B,1,1,1
2025-06-20,T,B,1,2,2
2025-06-21,M,A,2,3,3
2025-06-21,T,A,2,3,3
2025-06-21,M,B,1,1,1
2025-06-21,T,B,1,2,2
2025-06-22,M,A,1,2,2
2025-06-22,T,A,1,2,2
2025-06-22,M,B,1,1,1
2025-06-22,T,B,1,1,1
2025-06-23,M,A,2,2,2
2025-06-23,T,A,2,2,2
2025-06-23,M,B,1,1,1
2025-06-23,T,B,1,1,1
2025-06-24,M,A,2,2,2
2025-06-24,T,A,2,2,2
2025-06-24,M,B,1,1,1
2025-06-24,T,B,1,1,1
2025-06-25,M,A,2,2,2
2025-06-25,T,A,2,2,2
2025-06-25,M,B,1,1,1
2025-06-25,T,B,1,1,1
2025-06-26,M,A,2,2,2
2025-06-26,T,A,2,2,2
2025-06-26,M,B,1,1,1
2025-06-26,T,B,1,1,1
2025-06-27,M,A,2,3,3
2025-06-27,T,A,2,3,3
2025-06-27,M,B,1,1,1
2025-06-27,T,B,1,2,2
2025-06-28,M,A,2,3,3
2025-06-28,T,A,2,3,3
2025-06-28,M,B,1,1,1
2025-06-28,T,B,1,2,2
2025-06-29,M,A,1,2,2
2025-06-29,T,A,1,2,2
2025-06-29,M,B,1,1,1
2025-06-29,T,B,1,1,1
2025-06-30,M,A,2,2,2
2025-06-30,T,A,2,2,2
2025-06-30,M,B,1,1,1
2025-06-30,T,B,1,1,1
2025-07-01,M,A,2,2,2
2025-07-01,T,A,2,2,2
2025-07-01,M,B,1,1,1
2025-07-01,T,B,1,1,1
2025-07-02,M,A,2,2,2
2025-07-02,T,A,2,2,2
2025-07-02,M,B,1,1,1
2025-07-02,T,B,1,1,1
2025-07-03,M,A,2,2,2
2025-07-03,T,A,2,2,2
2025-07-03,M,B,1,1,1
2025-07-03,T,B,1,1,1
2025-07-04,M,A,2,3,3
2025-07-04,T,A,2,3,3
2025-07-04,M,B,1,1,1
2025-07-04,T,B,1,2,2
2025-07-05,M,A,2,3,3
2025-07-05,T,A,2,3,3
2025-07-05,M,B,1,1,1
2025-07-05,T,B,1,2,2
2025-07-06,M,A,1,2,2
2025-07-06,T,A,1,2,2
2025-07-06,M,B,1,1,1
2025-07-06,T,B,1,1,1
2025-07-07,M,A,2,2,2
2025-07-07,T,A,2,2,2
2025-07-07,M,B,1,1,1
2025-07-07,T,B,1,1,1
2025-07-08,M,A,2,2,2
2025-07-08,T,A,2,2,2
2025-07-08,M,B,1,1,1
2025-07-08,T,B,1,1,1
2025-07-09,M,A,2,2,2
2025-07-09,T,A,2,2,2
2025-07-09,M,B,1,1,1
2025-07-09,T,B,1,1,1
2025-07-10,M,A,2,2,2
2025-07-10,T,A,2,2,2
2025-07-10,M,B,1,1,1
2025-07-10,T,B,1,1,1
2025-07-11,M,A,2,3,3
2025-07-11,T,A,2,3,3
2025-07-11,M,B,1,1,1
2025-07-11,T,B,1,2,2
2025-07-12,M,A,2,3,3
2025-07-12,T,A,2,3,3
2025-07-12,M,B,1,1,1
2025-07-12,T,B,1,2,2
2025-07-13,M,A,1,2,2
2025-07-13,T,A,1,2,2
2025-07-13,M,B,1,1,1
2025-07-13,T,B,1,1,1
2025-07-14,M,A,2,2,2
2025-07-14,T,A,2,2,2
2025-07-14,M,B,1,1,1
2025-07-14,T,B,1,1,1
2025-07-15,M,A,2,2,2
2025-07-15,T,A,2,2,2
2025-07-15,M,B,1,1,1
2025-07-15,T,B,1,1,1
2025-07-16,M,A,2,2,2
2025-07-16,T,A,2,2,2
2025-07-16,M,B,1,1,1
2025-07-16,T,B,1,1,1
2025-07-17,M,A,2,2,2
2025-07-17,T,A,2,2,2
2025-07-17,M,B,1,1,1
2025-07-17,T,B,1,1,1
2025-07-18,M,A,2,3,3
2025-07-18,T,A,2,3,3
2025-07-18,M,B,1,1,1
2025-07-18,T,B,1,2,2
2025-07-19,M,A,2,3,3
2025-07-19,T,A,2,3,3
2025-07-19,M,B,1,1,1
2025-07-19,T,B,1,2,2
2025-07-20,M,A,1,2,2
2025-07-20,T,A,1,2,2
2025-07-20,M,B,1,1,1
2025-07-20,T,B,1,1,1
2025-07-21,M,A,2,2,2
2025-07-21,T,A,2,2,2
2025-07-21,M,B,1,1,1
2025-07-21,T,B,1,1,1
2025-07-22,M,A,2,2,2
2025-07-22,T,A,2,2,2
2025-07-22,M,B,1,1,1
2025-07-22,T,B,1,1,1
2025-07-23,M,A,2,2,2
2025-07-23,T,A,2,2,2
2025-07-23,M,B,1,1,1
2025-07-23,T,B,1,1,1
2025-07-24,M,A,2,2,2
2025-07-24,T,A,2,2,2
2025-07-24,M,B,1,1,1
2025-07-24,T,B,1,1,1
2025-07-25,M,A,2,3,3
2025-07-25,T,A,2,3,3
2025-07-25,M,B,1,1,1
2025-07-25,T,B,1,2,2
2025-07-26,M,A,2,3,3
2025-07-26,T,A,2,3,3
2025-07-26,M,B,1,1,1
2025-07-26,T,B,1,2,2
2025-07-27,M,A,1,2,2
2025-07-27,T,A,1,2,2
2025-07-27,M,B,1,1,1
2025-07-27,T,B,1,1,1
2025-07-28,M,A,2,2,2
2025-07-28,T,A,2,2,2
2025-07-28,M,B,1,1,1
2025-07-28,T,B,1,1,1
2025-07-29,M,A,2,2,2
2025-07-29,T,A,2,2,2
2025-07-29,M,B,1,1,1
2025-07-29,T,B,1,1,1
2025-07-30,M,A,2,2,2
2025-07-30,T,A,2,2,2
2025-07-30,M,B,1,1,1
2025-07-30,T,B,1,1,1
2025-07-31,M,A,2,2,2
2025-07-31,T,A,2,2,2
2025-07-31,M,B,1,1,1
2025-07-31,T,B,1,1,1
2025-08-01,M,A,2,3,3
2025-08-01,T,A,2,3,3
2025-08-01,M,B,1,1,1
2025-08-01,T,B,1,2,2
2025-08-02,M,A,2,3,3
2025-08-02,T,A,2,3,3
2025-08-02,M,B,1,1,1
2025-08-02,T,B,1,2,2
2025-08-03,M,A,1,2,2
2025-08-03,T,A,1,2,2
2025-08-03,M,B,1,1,1
2025-08-03,T,B,1,1,1
2025-08-04,M,A,2,2,2
2025-08-04,T,A,2,2,2
2025-08-04,M,B,1,1,1
2025-08-04,T,B,1,1,1
2025-08-05,M,A,2,2,2
2025-08-05,T,A,2,2,2
2025-08-05,M,B,1,1,1
2025-08-05,T,B,1,1,1
2025-08-06,M,A,2,2,2
2025-08-06,T,A,2,2,2
2025-08-06,M,B,1,1,1
2025-08-06,T,B,1,1,1
2025-08-07,M,A,2,2,2
2025-08-07,T,A,2,2,2
2025-08-07,M,B,1,1,1
2025-08-07,T,B,1,1,1
2025-08-08,M,A,2,3,3
2025-08-08,T,A,2,3,3
2025-08-08,M,B,1,1,1
2025-08-08,T,B,1,2,2
2025-08-09,M,A,2,3,3
2025-08-09,T,A,2,3,3
2025-08-09,M,B,1,1,1
2025-08-09,T,B,1,2,2
2025-08-10,M,A,1,2,2
2025-08-10,T,A,1,2,2
2025-08-10,M,B,1,1,1
2025-08-10,T,B,1,1,1
2025-08-11,M,A,2,2,2
2025-08-11,T,A,2,2,2
2025-08-11,M,B,1,1,1
2025-08-11,T,B,1,1,1
2025-08-12,M,A,2,2,2
2025-08-12,T,A,2,2,2
2025-08-12,M,B,1,1,1
2025-08-12,T,B,1,1,1
2025-08-13,M,A,2,2,2
2025-08-13,T,A,2,2,2
2025-08-13,M,B,1,1,1
2025-08-13,T,B,1,1,1
2025-08-14,M,A,2,2,2
2025-08-14,T,A,2,2,2
2025-08-14,M,B,1,1,1
2025-08-14,T,B,1,1,1
2025-08-15,M,A,2,3,3
2025-08-15,T,A,2,3,3
2025-08-15,M,B,1,1,1
2025-08-15,T,B,1,2,2
2025-08-16,M,A,2,3,3
2025-08-16,T,A,2,3,3
2025-08-16,M,B,1,1,1
2025-08-16,T,B,1,2,2
2025-08-17,M,A,1,2,2
2025-08-17,T,A,1,2,2
2025-08-17,M,B,1,1,1
2025-08-17,T,B,1,1,1
2025-08-18,M,A,2,2,2
2025-08-18,T,A,2,2,2
2025-08-18,M,B,1,1,1
2025-08-18,T,B,1,1,1
2025-08-19,M,A,2,2,2
2025-08-19,T,A,2,2,2
2025-08-19,M,B,1,1,1
2025-08-19,T,B,1,1,1
2025-08-20,M,A,2,2,2
2025-08-20,T,A,2,2,2
2025-08-20,M,B,1,1,1
2025-08-20,T,B,1,1,1
2025-08-21,M,A,2,2,2
2025-08-21,T,A,2,2,2
2025-08-21,M,B,1,1,1
2025-08-21,T,B,1,1,1
2025-08-22,M,A,2,3,3
2025-08-22,T,A,2,3,3
2025-08-22,M,B,1,1,1
2025-08-22,T,B,1,2,2
2025-08-23,M,A,2,3,3
2025-08-23,T,A,2,3,3
2025-08-23,M,B,1,1,1
2025-08-23,T,B,1,2,2
2025-08-24,M,A,1,2,2
2025-08-24,T,A,1,2,2
2025-08-24,M,B,1,1,1
2025-08-24,T,B,1,1,1
2025-08-25,M,A,2,2,2
2025-08-25,T,A,2,2,2
2025-08-25,M,B,1,1,1
2025-08-25,T,B,1,1,1
2025-08-26,M,A,2,2,2
2025-08-26,T,A,2,2,2
2025-08-26,M,B,1,1,1
2025-08-26,T,B,1,1,1
2025-08-27,M,A,2,2,2
2025-08-27,T,A,2,2,2
2025-08-27,M,B,1,1,1
2025-08-27,T,B,1,1,1
2025-08-28,M,A,2,2,2
2025-08-28,T,A,2,2,2
2025-08-28,M,B,1,1,1
2025-08-28,T,B,1,1,1
2025-08-29,M,A,2,3,3
2025-08-29,T,A,2,3,3
2025-08-29,M,B,1,1,1
2025-08-29,T,B,1,2,2
2025-08-30,M,A,2,3,3
2025-08-30,T,A,2,3,3
2025-08-30,M,B,1,1,1
2025-08-30,T,B,1,2,2
2025-08-31,M,A,1,2,2
2025-08-31,T,A,1,2,2
2025-08-31,M,B,1,1,1
2025-08-31,T,B,1,1,1
2025-09-01,M,A,2,2,2
2025-09-01,T,A,2,2,2
2025-09-01,M,B,1,1,1
2025-09-01,T,B,1,1,1
2025-09-02,M,A,2,2,2
2025-09-02,T,A,2,2,2
2025-09-02,M,B,1,1,1
2025-09-02,T,B,1,1,1
2025-09-03,M,A,2,2,2
2025-09-03,T,A,2,2,2
2025-09-03,M,B,1,1,1
2025-09-03,T,B,1,1,1
2025-09-04,M,A,2,2,2
2025-09-04,T,A,2,2,2
2025-09-04,M,B,1,1,1
2025-09-04,T,B,1,1,1
2025-09-05,M,A,2,3,3
2025-09-05,T,A,2,3,3
2025-09-05,M,B,1,1,1
2025-09-05,T,B,1,2,2
2025-09-06,M,A,2,3,3
2025-09-06,T,A,2,3,3
2025-09-06,M,B,1,1,1
2025-09-06,T,B,1,2,2
2025-09-07,M,A,1,2,2
2025-09-07,T,A,1,2,2
2025-09-07,M,B,1,1,1
2025-09-07,T,B,1,1,1
2025-09-08,M,A,2,2,2
2025-09-08,T,A,2,2,2
2025-09-08,M,B,1,1,1
2025-09-08,T,B,1,1,1
2025-09-09,M,A,2,2,2
2025-09-09,T,A,2,2,2
2025-09-09,M,B,1,1,1
2025-09-09,T,B,1,1,1
2025-09-10,M,A,2,2,2
2025-09-10,T,A,2,2,2
2025-09-10,M,B,1,1,1
2025-09-10,T,B,1,1,1
2025-09-11,M,A,2,2,2
2025-09-11,T,A,2,2,2
2025-09-11,M,B,1,1,1
2025-09-11,T,B,1,1,1
2025-09-12,M,A,2,3,3
2025-09-12,T,A,2,3,3
2025-09-12,M,B,1,1,1
2025-09-12,T,B,1,2,2
2025-09-13,M,A,2,3,3
2025-09-13,T,A,2,3,3
2025-09-13,M,B,1,1,1
2025-09-13,T,B,1,2,2
2025-09-14,M,A,1,2,2
2025-09-14,T,A,1,2,2
2025-09-14,M,B,1,1,1
2025-09-14,T,B,1,1,1
2025-09-15,M,A,2,2,2
2025-09-15,T,A,2,2,2
2025-09-15,M,B,1,1,1
2025-09-15,T,B,1,1,1
2025-09-16,M,A,2,2,2
2025-09-16,T,A,2,2,2
2025-09-16,M,B,1,1,1
2025-09-16,T,B,1,1,1
2025-09-17,M,A,2,2,2
2025-09-17,T,A,2,2,2
2025-09-17,M,B,1,1,1
2025-09-17,T,B,1,1,1
2025-09-18,M,A,2,2,2
2025-09-18,T,A,2,2,2
2025-09-18,M,B,1,1,1
2025-09-18,T,B,1,1,1
2025-09-19,M,A,2,3,3
2025-09-19,T,A,2,3,3
2025-09-19,M,B,1,1,1
2025-09-19,T,B,1,2,2
2025-09-20,M,A,2,3,3
2025-09-20,T,A,2,3,3
2025-09-20,M,B,1,1,1
2025-09-20,T,B,1,2,2
2025-09-21,M,A,1,2,2
2025-09-21,T,A,1,2,2
2025-09-21,M,B,1,1,1
2025-09-21,T,B,1,1,1
2025-09-22,M,A,2,2,2
2025-09-22,T,A,2,2,2
2025-09-22,M,B,1,1,1
2025-09-22,T,B,1,1,1
2025-09-23,M,A,2,2,2
2025-09-23,T,A,2,2,2
2025-09-23,M,B,1,1,1
2025-09-23,T,B,1,1,1
2025-09-24,M,A,2,2,2
2025-09-24,T,A,2,2,2
2025-09-24,M,B,1,1,1
2025-09-24,T,B,1,1,1
2025-09-25,M,A,2,2,2
2025-09-25,T,A,2,2,2
2025-09-25,M,B,1,1,1
2025-09-25,T,B,1,1,1
2025-09-26,M,A,2,3,3
2025-09-26,T,A,2,3,3
2025-09-26,M,B,1,1,1
2025-09-26,T,B,1,2,2
2025-09-27,M,A,2,3,3
2025-09-27,T,A,2,3,3
2025-09-27,M,B,1,1,1
2025-09-27,T,B,1,2,2
2025-09-28,M,A,1,2,2
2025-09-28,T,A,1,2,2
2025-09-28,M,B,1,1,1
2025-09-28,T,B,1,1,1
2025-09-29,M,A,2,2,2
2025-09-29,T,A,2,2,2
2025-09-29,M,B,1,1,1
2025-09-29,T,B,1,1,1
2025-09-30,M,A,2,2,2
2025-09-30,T,A,2,2,2
2025-09-30,M,B,1,1,1
2025-09-30,T,B,1,1,1
2025-10-01,M,A,2,2,2
2025-10-01,T,A,2,2,2
2025-10-01,M,B,1,1,1
2025-10-01,T,B,1,1,1
2025-10-02,M,A,2,2,2
2025-10-02,T,A,2,2,2
2025-10-02,M,B,1,1,1
2025-10-02,T,B,1,1,1
2025-10-03,M,A,2,3,3
2025-10-03,T,A,2,3,3
2025-10-03,M,B,1,1,1
2025-10-03,T,B,1,2,2
2025-10-04,M,A,2,3,3
2025-10-04,T,A,2,3,3
2025-10-04,M,B,1,1,1
2025-10-04,T,B,1,2,2
2025-10-05,M,A,1,2,2
2025-10-05,T,A,1,2,2
2025-10-05,M,B,1,1,1
2025-10-05,T,B,1,1,1
2025-10-06,M,A,2,2,2
2025-10-06,T,A,2,2,2
2025-10-06,M,B,1,1,1
2025-10-06,T,B,1,1,1
2025-10-07,M,A,2,2,2
2025-10-07,T,A,2,2,2
2025-10-07,M,B,1,1,1
2025-10-07,T,B,1,1,1
2025-10-08,M,A,2,2,2
2025-10-08,T,A,2,2,2
2025-10-08,M,B,1,1,1
2025-10-08,T,B,1,1,1
2025-10-09,M,A,2,2,2
2025-10-09,T,A,2,2,2
2025-10-09,M,B,1,1,1
2025-10-09,T,B,1,1,1
2025-10-10,M,A,2,3,3
2025-10-10,T,A,2,3,3
2025-10-10,M,B,1,1,1
2025-10-10,T,B,1,2,2
2025-10-11,M,A,2,3,3
2025-10-11,T,A,2,3,3
2025-10-11,M,B,1,1,1
2025-10-11,T,B,1,2,2
2025-10-12,M,A,1,2,2
2025-10-12,T,A,1,2,2
2025-10-12,M,B,1,1,1
2025-10-12,T,B,1,1,1
2025-10-13,M,A,2,2,2
2025-10-13,T,A,2,2,2
2025-10-13,M,B,1,1,1
2025-10-13,T,B,1,1,1
2025-10-14,M,A,2,2,2
2025-10-14,T,A,2,2,2
2025-10-14,M,B,1,1,1
2025-10-14,T,B,1,1,1
2025-10-15,M,A,2,2,2
2025-10-15,T,A,2,2,2
2025-10-15,M,B,1,1,1
2025-10-15,T,B,1,1,1
2025-10-16,M,A,2,2,2
2025-10-16,T,A,2,2,2
2025-10-16,M,B,1,1,1
2025-10-16,T,B,1,1,1
2025-10-17,M,A,2,3,3
2025-10-17,T,A,2,3,3
2025-10-17,M,B,1,1,1
2025-10-17,T,B,1,2,2
2025-10-18,M,A,2,3,3
2025-10-18,T,A,2,3,3
2025-10-18,M,B,1,1,1
2025-10-18,T,B,1,2,2
2025-10-19,M,A,1,2,2
2025-10-19,T,A,1,2,2
2025-10-19,M,B,1,1,1
2025-10-19,T,B,1,1,1
2025-10-20,M,A,2,2,2
2025-10-20,T,A,2,2,2
2025-10-20,M,B,1,1,1
2025-10-20,T,B,1,1,1
2025-10-21,M,A,2,2,2
2025-10-21,T,A,2,2,2
2025-10-21,M,B,1,1,1
2025-10-21,T,B,1,1,1
2025-10-22,M,A,2,2,2
2025-10-22,T,A,2,2,2
2025-10-22,M,B,1,1,1
2025-10-22,T,B,1,1,1
2025-10-23,M,A,2,2,2
2025-10-23,T,A,2,2,2
2025-10-23,M,B,1,1,1
2025-10-23,T,B,1,1,1
2025-10-24,M,A,2,3,3
2025-10-24,T,A,2,3,3
2025-10-24,M,B,1,1,1
2025-10-24,T,B,1,2,2
2025-10-25,M,A,2,3,3
2025-10-25,T,A,2,3,3
2025-10-25,M,B,1,1,1
2025-10-25,T,B,1,2,2
2025-10-26,M,A,1,2,2
2025-10-26,T,A,1,2,2
2025-10-26,M,B,1,1,1
2025-10-26,T,B,1,1,1
2025-10-27,M,A,2,2,2
2025-10-27,T,A,2,2,2
2025-10-27,M,B,1,1,1
2025-10-27,T,B,1,1,1
2025-10-28,M,A,2,2,2
2025-10-28,T,A,2,2,2
2025-10-28,M,B,1,1,1
2025-10-28,T,B,1,1,1
2025-10-29,M,A,2,2,2
2025-10-29,T,A,2,2,2
2025-10-29,M,B,1,1,1
2025-10-29,T,B,1,1,1
2025-10-30,M,A,2,2,2
2025-10-30,T,A,2,2,2
2025-10-30,M,B,1,1,1
2025-10-30,T,B,1,1,1
2025-10-31,M,A,2,3,3
2025-10-31,T,A,2,3,3
2025-10-31,M,B,1,1,1
2025-10-31,T,B,1,2,2
2025-11-01,M,A,2,3,3
2025-11-01,T,A,2,3,3
2025-11-01,M,B,1,1,1
2025-11-01,T,B,1,2,2
2025-11-02,M,A,1,2,2
2025-11-02,T,A,1,2,2
2025-11-02,M,B,1,1,1
2025-11-02,T,B,1,1,1
2025-11-03,M,A,2,2,2
2025-11-03,T,A,2,2,2
2025-11-03,M,B,1,1,1
2025-11-03,T,B,1,1,1
2025-11-04,M,A,2,2,2
2025-11-04,T,A,2,2,2
2025-11-04,M,B,1,1,1
2025-11-04,T,B,1,1,1
2025-11-05,M,A,2,2,2
2025-11-05,T,A,2,2,2
2025-11-05,M,B,1,1,1
2025-11-05,T,B,1,1,1
2025-11-06,M,A,2,2,2
2025-11-06,T,A,2,2,2
2025-11-06,M,B,1,1,1
2025-11-06,T,B,1,1,1
2025-11-07,M,A,2,3,3
2025-11-07,T,A,2,3,3
2025-11-07,M,B,1,1,1
2025-11-07,T,B,1,2,2
2025-11-08,M,A,2,3,3
2025-11-08,T,A,2,3,3
2025-11-08,M,B,1,1,1
2025-11-08,T,B,1,2,2
2025-11-09,M,A,1,2,2
2025-11-09,T,A,1,2,2
2025-11-09,M,B,1,1,1
2025-11-09,T,B,1,1,1
2025-11-10,M,A,2,2,2
2025-11-10,T,A,2,2,2
2025-11-10,M,B,1,1,1
2025-11-10,T,B,1,1,1
2025-11-11,M,A,2,2,2
2025-11-11,T,A,2,2,2
2025-11-11,M,B,1,1,1
2025-11-11,T,B,1,1,1
2025-11-12,M,A,2,2,2
2025-11-12,T,A,2,2,2
2025-11-12,M,B,1,1,1
2025-11-12,T,B,1,1,1
2025-11-13,M,A,2,2,2
2025-11-13,T,A,2,2,2
2025-11-13,M,B,1,1,1
2025-11-13,T,B,1,1,1
2025-11-14,M,A,2,3,3
2025-11-14,T,A,2,3,3
2025-11-14,M,B,1,1,1
2025-11-14,T,B,1,2,2
2025-11-15,M,A,2,3,3
2025-11-15,T,A,2,3,3
2025-11-15,M,B,1,1,1
2025-11-15,T,B,1,2,2
2025-11-16,M,A,1,2,2
2025-11-16,T,A,1,2,2
2025-11-16,M,B,1,1,1
2025-11-16,T,B,1,1,1
2025-11-17,M,A,2,2,2
2025-11-17,T,A,2,2,2
2025-11-17,M,B,1,1,1
2025-11-17,T,B,1,1,1
2025-11-18,M,A,2,2,2
2025-11-18,T,A,2,2,2
2025-11-18,M,B,1,1,1
2025-11-18,T,B,1,1,1
2025-11-19,M,A,2,2,2
2025-11-19,T,A,2,2,2
2025-11-19,M,B,1,1,1
2025-11-19,T,B,1,1,1
2025-11-20,M,A,2,2,2
2025-11-20,T,A,2,2,2
2025-11-20,M,B,1,1,1
2025-11-20,T,B,1,1,1
2025-11-21,M,A,2,3,3
2025-11-21,T,A,2,3,3
2025-11-21,M,B,1,1,1
2025-11-21,T,B,1,2,2
2025-11-22,M,A,2,3,3
2025-11-22,T,A,2,3,3
2025-11-22,M,B,1,1,1
2025-11-22,T,B,1,2,2
2025-11-23,M,A,1,2,2
2025-11-23,T,A,1,2,2
2025-11-23,M,B,1,1,1
2025-11-23,T,B,1,1,1
2025-11-24,M,A,2,2,2
2025-11-24,T,A,2,2,2
2025-11-24,M,B,1,1,1
2025-11-24,T,B,1,1,1
2025-11-25,M,A,2,2,2
2025-11-25,T,A,2,2,2
2025-11-25,M,B,1,1,1
2025-11-25,T,B,1,1,1
2025-11-26,M,A,2,2,2
2025-11-26,T,A,2,2,2
2025-11-26,M,B,1,1,1
2025-11-26,T,B,1,1,1
2025-11-27,M,A,2,2,2
2025-11-27,T,A,2,2,2
2025-11-27,M,B,1,1,1
2025-11-27,T,B,1,1,1
2025-11-28,M,A,2,3,3
2025-11-28,T,A,2,3,3
2025-11-28,M,B,1,1,1
2025-11-28,T,B,1,2,2
2025-11-29,M,A,2,3,3
2025-11-29,T,A,2,3,3
2025-11-29,M,B,1,1,1
2025-11-29,T,B,1,2,2
2025-11-30,M,A,1,2,2
2025-11-30,T,A,1,2,2
2025-11-30,M,B,1,1,1
2025-11-30,T,B,1,1,1
2025-12-01,M,A,2,2,2
2025-12-01,T,A,2,2,2
2025-12-01,M,B,1,1,1
2025-12-01,T,B,1,1,1
2025-12-02,M,A,2,2,2
2025-12-02,T,A,2,2,2
2025-12-02,M,B,1,1,1
2025-12-02,T,B,1,1,1
2025-12-03,M,A,2,2,2
2025-12-03,T,A,2,2,2
2025-12-03,M,B,1,1,1
2025-12-03,T,B,1,1,1
2025-12-04,M,A,2,2,2
2025-12-04,T,A,2,2,2
2025-12-04,M,B,1,1,1
2025-12-04,T,B,1,1,1
2025-12-05,M,A,2,3,3
2025-12-05,T,A,2,3,3
2025-12-05,M,B,1,1,1
2025-12-05,T,B,1,2,2
2025-12-06,M,A,2,3,3
2025-12-06,T,A,2,3,3
2025-12-06,M,B,1,1,1
2025-12-06,T,B,1,2,2
2025-12-07,M,A,1,2,2
2025-12-07,T,A,1,2,2
2025-12-07,M,B,1,1,1
2025-12-07,T,B,1,1,1
2025-12-08,M,A,2,2,2
2025-12-08,T,A,2,2,2
2025-12-08,M,B,1,1,1
2025-12-08,T,B,1,1,1
2025-12-09,M,A,2,2,2
2025-12-09,T,A,2,2,2
2025-12-09,M,B,1,1,1
2025-12-09,T,B,1,1,1
2025-12-10,M,A,2,2,2
2025-12-10,T,A,2,2,2
2025-12-10,M,B,1,1,1
2025-12-10,T,B,1,1,1
2025-12-11,M,A,2,2,2
2025-12-11,T,A,2,2,2
2025-12-11,M,B,1,1,1
2025-12-11,T,B,1,1,1
2025-12-12,M,A,2,3,3
2025-12-12,T,A,2,3,3
2025-12-12,M,B,1,1,1
2025-12-12,T,B,1,2,2
2025-12-13,M,A,2,3,3
2025-12-13,T,A,2,3,3
2025-12-13,M,B,1,1,1
2025-12-13,T,B,1,2,2
2025-12-14,M,A,1,2,2
2025-12-14,T,A,1,2,2
2025-12-14,M,B,1,1,1
2025-12-14,T,B,1,1,1
2025-12-15,M,A,2,2,2
2025-12-15,T,A,2,2,2
2025-12-15,M,B,1,1,1
2025-12-15,T,B,1,1,1
2025-12-16,M,A,2,2,2
2025-12-16,T,A,2,2,2
2025-12-16,M,B,1,1,1
2025-12-16,T,B,1,1,1
2025-12-17,M,A,2,2,2
2025-12-17,T,A,2,2,2
2025-12-17,M,B,1,1,1
2025-12-17,T,B,1,1,1
2025-12-18,M,A,2,2,2
2025-12-18,T,A,2,2,2
2025-12-18,M,B,1,1,1
2025-12-18,T,B,1,1,1
2025-12-19,M,A,2,3,3
2025-12-19,T,A,2,3,3
2025-12-19,M,B,1,1,1
2025-12-19,T,B,1,2,2
2025-12-20,M,A,2,3,3
2025-12-20,T,A,2,3,3
2025-12-20,M,B,1,1,1
2025-12-20,T,B,1,2,2
2025-12-21,M,A,1,2,2
2025-12-21,T,A,1,2,2
2025-12-21,M,B,1,1,1
2025-12-21,T,B,1,1,1
2025-12-22,M,A,2,2,2
2025-12-22,T,A,2,2,2
2025-12-22,M,B,1,1,1
2025-12-22,T,B,1,1,1
2025-12-23,M,A,2,2,2
2025-12-23,T,A,2,2,2
2025-12-23,M,B,1,1,1
2025-12-23,T,B,1,1,1
2025-12-24,M,A,2,2,2
2025-12-24,T,A,2,2,2
2025-12-24,M,B,1,1,1
2025-12-24,T,B,1,1,1
2025-12-25,M,A,2,2,2
2025-12-25,T,A,2,2,2
2025-12-25,M,B,1,1,1
2025-12-25,T,B,1,1,1
2025-12-26,M,A,2,3,3
2025-12-26,T,A,2,3,3
2025-12-26,M,B,1,1,1
2025-12-26,T,B,1,2,2
2025-12-27,M,A,2,3,3
2025-12-27,T,A,2,3,3
2025-12-27,M,B,1,1,1
2025-12-27,T,B,1,2,2
2025-12-28,M,A,1,2,2
2025-12-28,T,A,1,2,2
2025-12-28,M,B,1,1,1
2025-12-28,T,B,1,1,1
2025-12-29,M,A,2,2,2
2025-12-29,T,A,2,2,2
2025-12-29,M,B,1,1,1
2025-12-29,T,B,1,1,1
2025-12-30,M,A,2,2,2
2025-12-30,T,A,2,2,2
2025-12-30,M,B,1,1,1
2025-12-30,T,B,1,1,1
2025-12-31,M,A,2,2,2
2025-12-31,T,A,2,2,2
2025-12-31,M,B,1,1,1
2025-12-31,T,B,1,1,1
