total_vacation_days,vacation_per_month,vacation_per_weekday,vacation_per_week
30,"[0, 15, 0, 0, 0, 0, 0, 0, 0, 15, 0, 0]","[4, 4, 4, 5, 5, 4, 4]","[0, 0, 0, 0, 4, 7, 4, 0, 0, 0, 0, 0, 0, 0, 0, 0, 0, 0, 0, 0, 0, 0, 0, 0, 0, 0, 0, 0, 0, 0, 0, 0, 0, 0, 0, 0, 0, 0, 0, 3, 7, 5, 0, 0, 0, 0, 0, 0, 0, 0, 0, 0, 0]"
30,"[0, 0, 0, 0, 11, 4, 0, 14, 1, 0, 0, 0]","[5, 4, 4, 4, 4, 5, 4]","[0, 0, 0, 0, 0, 0, 0, 0, 0, 0, 0, 0, 0, 0, 0, 0, 0, 0, 0, 0, 7, 7, 1, 0, 0, 0, 0, 0, 0, 0, 0, 0, 2, 7, 6, 0, 0, 0, 0, 0, 0, 0, 0, 0, 0, 0, 0, 0, 0, 0, 0, 0, 0]"
30,"[0, 0, 0, 0, 0, 15, 0, 0, 0, 0, 15, 0]","[4, 4, 4, 5, 5, 4, 4]","[0, 0, 0, 0, 0, 0, 0, 0, 0, 0, 0, 0, 0, 0, 0, 0, 0, 0, 0, 0, 0, 3, 7, 5, 0, 0, 0, 0, 0, 0, 0, 0, 0, 0, 0, 0, 0, 0, 0, 0, 0, 0, 0, 4, 7, 4, 0, 0, 0, 0, 0, 0, 0]"
30,"[1, 14, 0, 0, 0, 0, 0, 0, 15, 0, 0, 0]","[5, 4, 5, 4, 4, 4, 4]","[0, 0, 0, 0, 5, 7, 3, 0, 0, 0, 0, 0, 0, 0, 0, 0, 0, 0, 0, 0, 0, 0, 0, 0, 0, 0, 0, 0, 0, 0, 0, 0, 0, 0, 0, 0, 7, 7, 1, 0, 0, 0, 0, 0, 0, 0, 0, 0, 0, 0, 0, 0, 0]"
30,"[1, 14, 15, 0, 0, 0, 0, 0, 0, 0, 0, 0]","[5, 4, 5, 4, 4, 4, 4]","[0, 0, 0, 0, 5, 7, 3, 0, 0, 0, 7, 7, 1, 0, 0, 0, 0, 0, 0, 0, 0, 0, 0, 0, 0, 0, 0, 0, 0, 0, 0, 0, 0, 0, 0, 0, 0, 0, 0, 0, 0, 0, 0, 0, 0, 0, 0, 0, 0, 0, 0, 0, 0]"
30,"[0, 0, 0, 0, 0, 0, 15, 0, 0, 0, 0, 15]","[4, 4, 5, 4, 4, 4, 5]","[0, 0, 0, 0, 0, 0, 0, 0, 0, 0, 0, 0, 0, 0, 0, 0, 0, 0, 0, 0, 0, 0, 0, 0, 0, 0, 5, 7, 3, 0, 0, 0, 0, 0, 0, 0, 0, 0, 0, 0, 0, 0, 0, 0, 0, 0, 0, 0, 1, 7, 7, 0, 0]"
30,"[0, 0, 0, 0, 0, 0, 0, 0, 15, 15, 0, 0]","[5, 4, 4, 4, 4, 5, 4]","[0, 0, 0, 0, 0, 0, 0, 0, 0, 0, 0, 0, 0, 0, 0, 0, 0, 0, 0, 0, 0, 0, 0, 0, 0, 0, 0, 0, 0, 0, 0, 0, 0, 0, 0, 0, 2, 7, 6, 7, 7, 1, 0, 0, 0, 0, 0, 0, 0, 0, 0, 0, 0]"
30,"[0, 0, 0, 0, 0, 0, 0, 0, 15, 15, 0, 0]","[4, 5, 4, 4, 4, 4, 5]","[0, 0, 0, 0, 0, 0, 0, 0, 0, 0, 0, 0, 0, 0, 0, 0, 0, 0, 0, 0, 0, 0, 0, 0, 0, 0, 0, 0, 0, 0, 0, 0, 0, 0, 0, 1, 7, 7, 0, 0, 6, 7, 2, 0, 0, 0, 0, 0, 0, 0, 0, 0, 0]"
30,"[0, 15, 0, 0, 0, 2, 13, 0, 0, 0, 0, 0]","[4, 4, 4, 4, 5, 4, 5]","[0, 0, 0, 0, 0, 1, 7, 7, 0, 0, 0, 0, 0, 0, 0, 0, 0, 0, 0, 0, 0, 0, 0, 0, 0, 3, 7, 5, 0, 0, 0, 0, 0, 0, 0, 0, 0, 0, 0, 0, 0, 0, 0, 0, 0, 0, 0, 0, 0, 0, 0, 0, 0]"
30,"[0, 0, 0, 0, 7, 8, 0, 0, 0, 11, 4, 0]","[4, 4, 4, 4, 5, 4, 5]","[0, 0, 0, 0, 0, 0, 0, 0, 0, 0, 0, 0, 0, 0, 0, 0, 0, 0, 0, 0, 3, 7, 5, 0, 0, 0, 0, 0, 0, 0, 0, 0, 0, 0, 0, 0, 0, 0, 0, 0, 0, 1, 7, 7, 0, 0, 0, 0, 0, 0, 0, 0, 0]"
30,"[0, 0, 0, 1, 14, 6, 9, 0, 0, 0, 0, 0]","[6, 4, 4, 4, 4, 4, 4]","[0, 0, 0, 0, 0, 0, 0, 0, 0, 0, 0, 0, 0, 0, 0, 0, 0, 7, 7, 1, 0, 0, 0, 0, 0, 7, 7, 1, 0, 0, 0, 0, 0, 0, 0, 0, 0, 0, 0, 0, 0, 0, 0, 0, 0, 0, 0, 0, 0, 0, 0, 0, 0]"
30,"[0, 0, 15, 0, 0, 0, 0, 0, 0, 0, 8, 7]","[5, 4, 4, 4, 5, 4, 4]","[0, 0, 0, 0, 0, 0, 0, 0, 0, 7, 7, 1, 0, 0, 0, 0, 0, 0, 0, 0, 0, 0, 0, 0, 0, 0, 0, 0, 0, 0, 0, 0, 0, 0, 0, 0, 0, 0, 0, 0, 0, 0, 0, 0, 0, 0, 3, 7, 5, 0, 0, 0, 0]"
30,"[0, 0, 0, 0, 0, 0, 6, 9, 0, 15, 0, 0]","[5, 4, 4, 5, 4, 4, 4]","[0, 0, 0, 0, 0, 0, 0, 0, 0, 0, 0, 0, 0, 0, 0, 0, 0, 0, 0, 0, 0, 0, 0, 0, 0, 0, 0, 0, 0, 4, 7, 4, 0, 0, 0, 0, 0, 0, 0, 7, 7, 1, 0, 0, 0, 0, 0, 0, 0, 0, 0, 0, 0]"
30,"[0, 0, 0, 0, 11, 4, 0, 0, 0, 11, 4, 0]","[5, 4, 4, 4, 4, 4, 5]","[0, 0, 0, 0, 0, 0, 0, 0, 0, 0, 0, 0, 0, 0, 0, 0, 0, 0, 0, 0, 7, 7, 1, 0, 0, 0, 0, 0, 0, 0, 0, 0, 0, 0, 0, 0, 0, 0, 0, 0, 0, 1, 7, 7, 0, 0, 0, 0, 0, 0, 0, 0, 0]"
30,"[0, 0, 0, 0, 9, 6, 15, 0, 0, 0, 0, 0]","[4, 5, 5, 4, 4, 4, 4]","[0, 0, 0, 0, 0, 0, 0, 0, 0, 0, 0, 0, 0, 0, 0, 0, 0, 0, 0, 0, 5, 7, 3, 0, 0, 0, 0, 6, 7, 2, 0, 0, 0, 0, 0, 0, 0, 0, 0, 0, 0, 0, 0, 0, 0, 0, 0, 0, 0, 0, 0, 0, 0]"
30,"[0, 0, 15, 0, 0, 15, 0, 0, 0, 0, 0, 0]","[4, 4, 5, 5, 4, 4, 4]","[0, 0, 0, 0, 0, 0, 0, 0, 0, 0, 5, 7, 3, 0, 0, 0, 0, 0, 0, 0, 0, 0, 4, 7, 4, 0, 0, 0, 0, 0, 0, 0, 0, 0, 0, 0, 0, 0, 0, 0, 0, 0, 0, 0, 0, 0, 0, 0, 0, 0, 0, 0, 0]"
30,"[0, 15, 0, 0, 0, 0, 5, 10, 0, 0, 0, 0]","[4, 4, 4, 4, 6, 4, 4]","[0, 0, 0, 0, 3, 7, 5, 0, 0, 0, 0, 0, 0, 0, 0, 0, 0, 0, 0, 0, 0, 0, 0, 0, 0, 0, 0, 0, 0, 3, 7, 5, 0, 0, 0, 0, 0, 0, 0, 0, 0, 0, 0, 0, 0, 0, 0, 0, 0, 0, 0, 0, 0]"
30,"[11, 4, 0, 0, 0, 0, 0, 0, 0, 0, 15, 0]","[4, 4, 5, 4, 4, 4, 5]","[0, 0, 1, 7, 7, 0, 0, 0, 0, 0, 0, 0, 0, 0, 0, 0, 0, 0, 0, 0, 0, 0, 0, 0, 0, 0, 0, 0, 0, 0, 0, 0, 0, 0, 0, 0, 0, 0, 0, 0, 0, 0, 0, 0, 5, 7, 3, 0, 0, 0, 0, 0, 0]"
30,"[0, 0, 0, 0, 0, 0, 0, 0, 8, 11, 11, 0]","[4, 4, 4, 4, 4, 4, 6]","[0, 0, 0, 0, 0, 0, 0, 0, 0, 0, 0, 0, 0, 0, 0, 0, 0, 0, 0, 0, 0, 0, 0, 0, 0, 0, 0, 0, 0, 0, 0, 0, 0, 0, 0, 0, 0, 1, 7, 7, 0, 0, 1, 7, 7, 0, 0, 0, 0, 0, 0, 0, 0]"
30,"[0, 0, 0, 15, 0, 0, 0, 12, 3, 0, 0, 0]","[5, 4, 4, 4, 4, 5, 4]","[0, 0, 0, 0, 0, 0, 0, 0, 0, 0, 0, 0, 0, 2, 7, 6, 0, 0, 0, 0, 0, 0, 0, 0, 0, 0, 0, 0, 0, 0, 0, 0, 0, 7, 7, 1, 0, 0, 0, 0, 0, 0, 0, 0, 0, 0, 0, 0, 0, 0, 0, 0, 0]"
30,"[0, 2, 13, 0, 0, 0, 0, 0, 1, 14, 0, 0]","[4, 5, 4, 4, 4, 4, 5]","[0, 0, 0, 0, 0, 0, 0, 0, 6, 7, 2, 0, 0, 0, 0, 0, 0, 0, 0, 0, 0, 0, 0, 0, 0, 0, 0, 0, 0, 0, 0, 0, 0, 0, 0, 0, 0, 0, 1, 7, 7, 0, 0, 0, 0, 0, 0, 0, 0, 0, 0, 0, 0]"
30,"[0, 0, 0, 7, 8, 0, 0, 0, 15, 0, 0, 0]","[5, 5, 4, 4, 4, 4, 4]","[0, 0, 0, 0, 0, 0, 0, 0, 0, 0, 0, 0, 0, 0, 0, 0, 6, 7, 2, 0, 0, 0, 0, 0, 0, 0, 0, 0, 0, 0, 0, 0, 0, 0, 0, 7, 7, 1, 0, 0, 0, 0, 0, 0, 0, 0, 0, 0, 0, 0, 0, 0, 0]"
30,"[8, 7, 0, 0, 0, 0, 0, 0, 0, 0, 0, 15]","[4, 4, 5, 4, 5, 4, 4]","[0, 0, 0, 5, 7, 3, 0, 0, 0, 0, 0, 0, 0, 0, 0, 0, 0, 0, 0, 0, 0, 0, 0, 0, 0, 0, 0, 0, 0, 0, 0, 0, 0, 0, 0, 0, 0, 0, 0, 0, 0, 0, 0, 0, 0, 0, 0, 0, 3, 7, 5, 0, 0]"
30,"[0, 0, 0, 0, 0, 15, 0, 0, 0, 0, 15, 0]","[5, 5, 4, 4, 4, 4, 4]","[0, 0, 0, 0, 0, 0, 0, 0, 0, 0, 0, 0, 0, 0, 0, 0, 0, 0, 0, 0, 0, 0, 6, 7, 2, 0, 0, 0, 0, 0, 0, 0, 0, 0, 0, 0, 0, 0, 0, 0, 0, 0, 0, 0, 0, 7, 7, 1, 0, 0, 0, 0, 0]"
30,"[0, 0, 0, 0, 0, 0, 0, 6, 9, 15, 0, 0]","[4, 4, 4, 4, 4, 5, 5]","[0, 0, 0, 0, 0, 0, 0, 0, 0, 0, 0, 0, 0, 0, 0, 0, 0, 0, 0, 0, 0, 0, 0, 0, 0, 0, 0, 0, 0, 0, 0, 0, 0, 1, 7, 7, 0, 0, 0, 2, 7, 6, 0, 0, 0, 0, 0, 0, 0, 0, 0, 0, 0]"
30,"[0, 0, 15, 0, 0, 0, 0, 0, 8, 7, 0, 0]","[4, 4, 4, 4, 4, 4, 6]","[0, 0, 0, 0, 0, 0, 0, 0, 1, 7, 7, 0, 0, 0, 0, 0, 0, 0, 0, 0, 0, 0, 0, 0, 0, 0, 0, 0, 0, 0, 0, 0, 0, 0, 0, 0, 0, 1, 7, 7, 0, 0, 0, 0, 0, 0, 0, 0, 0, 0, 0, 0, 0]"
30,"[0, 0, 0, 0, 15, 3, 12, 0, 0, 0, 0, 0]","[4, 5, 4, 5, 4, 4, 4]","[0, 0, 0, 0, 0, 0, 0, 0, 0, 0, 0, 0, 0, 0, 0, 0, 0, 0, 6, 7, 2, 0, 0, 0, 0, 4, 7, 4, 0, 0, 0, 0, 0, 0, 0, 0, 0, 0, 0, 0, 0, 0, 0, 0, 0, 0, 0, 0, 0, 0, 0, 0, 0]"
30,"[15, 0, 0, 0, 0, 7, 8, 0, 0, 0, 0, 0]","[5, 4, 4, 4, 4, 4, 5]","[0, 0, 7, 7, 1, 0, 0, 0, 0, 0, 0, 0, 0, 0, 0, 0, 0, 0, 0, 0, 0, 0, 0, 0, 1, 7, 7, 0, 0, 0, 0, 0, 0, 0, 0, 0, 0, 0, 0, 0, 0, 0, 0, 0, 0, 0, 0, 0, 0, 0, 0, 0, 0]"
30,"[0, 10, 5, 0, 0, 0, 15, 0, 0, 0, 0, 0]","[5, 4, 5, 4, 4, 4, 4]","[0, 0, 0, 0, 0, 0, 0, 7, 7, 1, 0, 0, 0, 0, 0, 0, 0, 0, 0, 0, 0, 0, 0, 0, 0, 0, 0, 5, 7, 3, 0, 0, 0, 0, 0, 0, 0, 0, 0, 0, 0, 0, 0, 0, 0, 0, 0, 0, 0, 0, 0, 0, 0]"
30,"[0, 0, 0, 0, 0, 0, 0, 15, 13, 2, 0, 0]","[4, 5, 5, 4, 4, 4, 4]","[0, 0, 0, 0, 0, 0, 0, 0, 0, 0, 0, 0, 0, 0, 0, 0, 0, 0, 0, 0, 0, 0, 0, 0, 0, 0, 0, 0, 0, 0, 0, 5, 7, 3, 0, 0, 0, 6, 7, 2, 0, 0, 0, 0, 0, 0, 0, 0, 0, 0, 0, 0, 0]"
30,"[0, 0, 0, 0, 0, 0, 0, 4, 11, 0, 12, 3]","[5, 5, 4, 4, 4, 4, 4]","[0, 0, 0, 0, 0, 0, 0, 0, 0, 0, 0, 0, 0, 0, 0, 0, 0, 0, 0, 0, 0, 0, 0, 0, 0, 0, 0, 0, 0, 0, 0, 0, 0, 0, 6, 7, 2, 0, 0, 0, 0, 0, 0, 0, 0, 0, 7, 7, 1, 0, 0, 0, 0]"
30,"[0, 0, 0, 0, 15, 0, 0, 0, 0, 0, 0, 15]","[4, 4, 5, 5, 4, 4, 4]","[0, 0, 0, 0, 0, 0, 0, 0, 0, 0, 0, 0, 0, 0, 0, 0, 0, 0, 5, 7, 3, 0, 0, 0, 0, 0, 0, 0, 0, 0, 0, 0, 0, 0, 0, 0, 0, 0, 0, 0, 0, 0, 0, 0, 0, 0, 0, 0, 4, 7, 4, 0, 0]"
30,"[0, 0, 0, 15, 8, 7, 0, 0, 0, 0, 0, 0]","[4, 4, 4, 5, 4, 4, 5]","[0, 0, 0, 0, 0, 0, 0, 0, 0, 0, 0, 0, 0, 0, 1, 7, 7, 0, 0, 0, 4, 7, 4, 0, 0, 0, 0, 0, 0, 0, 0, 0, 0, 0, 0, 0, 0, 0, 0, 0, 0, 0, 0, 0, 0, 0, 0, 0, 0, 0, 0, 0, 0]"
30,"[0, 0, 0, 2, 13, 0, 0, 0, 0, 0, 15, 0]","[4, 5, 4, 4, 4, 4, 5]","[0, 0, 0, 0, 0, 0, 0, 0, 0, 0, 0, 0, 0, 0, 0, 0, 1, 7, 7, 0, 0, 0, 0, 0, 0, 0, 0, 0, 0, 0, 0, 0, 0, 0, 0, 0, 0, 0, 0, 0, 0, 0, 0, 0, 0, 6, 7, 2, 0, 0, 0, 0, 0]"
30,"[5, 10, 0, 0, 0, 2, 13, 0, 0, 0, 0, 0]","[4, 4, 4, 4, 5, 5, 4]","[0, 0, 0, 2, 7, 6, 0, 0, 0, 0, 0, 0, 0, 0, 0, 0, 0, 0, 0, 0, 0, 0, 0, 0, 0, 3, 7, 5, 0, 0, 0, 0, 0, 0, 0, 0, 0, 0, 0, 0, 0, 0, 0, 0, 0, 0, 0, 0, 0, 0, 0, 0, 0]"
30,"[0, 0, 15, 0, 0, 0, 0, 0, 0, 15, 0, 0]","[4, 4, 4, 4, 5, 5, 4]","[0, 0, 0, 0, 0, 0, 0, 0, 3, 7, 5, 0, 0, 0, 0, 0, 0, 0, 0, 0, 0, 0, 0, 0, 0, 0, 0, 0, 0, 0, 0, 0, 0, 0, 0, 0, 0, 0, 0, 2, 7, 6, 0, 0, 0, 0, 0, 0, 0, 0, 0, 0, 0]"
30,"[0, 15, 0, 0, 0, 15, 0, 0, 0, 0, 0, 0]","[4, 5, 4, 4, 4, 4, 5]","[0, 0, 0, 0, 0, 1, 7, 7, 0, 0, 0, 0, 0, 0, 0, 0, 0, 0, 0, 0, 0, 0, 0, 6, 7, 2, 0, 0, 0, 0, 0, 0, 0, 0, 0, 0, 0, 0, 0, 0, 0, 0, 0, 0, 0, 0, 0, 0, 0, 0, 0, 0, 0]"
30,"[0, 0, 0, 0, 0, 15, 0, 3, 12, 0, 0, 0]","[4, 4, 5, 4, 4, 5, 4]","[0, 0, 0, 0, 0, 0, 0, 0, 0, 0, 0, 0, 0, 0, 0, 0, 0, 0, 0, 0, 0, 2, 7, 6, 0, 0, 0, 0, 0, 0, 0, 0, 0, 0, 5, 7, 3, 0, 0, 0, 0, 0, 0, 0, 0, 0, 0, 0, 0, 0, 0, 0, 0]"
30,"[0, 0, 15, 5, 10, 0, 0, 0, 0, 0, 0, 0]","[4, 4, 5, 5, 4, 4, 4]","[0, 0, 0, 0, 0, 0, 0, 0, 0, 0, 5, 7, 3, 0, 0, 0, 4, 7, 4, 0, 0, 0, 0, 0, 0, 0, 0, 0, 0, 0, 0, 0, 0, 0, 0, 0, 0, 0, 0, 0, 0, 0, 0, 0, 0, 0, 0, 0, 0, 0, 0, 0, 0]"
30,"[0, 0, 0, 0, 0, 0, 15, 0, 15, 0, 0, 0]","[4, 5, 4, 4, 4, 4, 5]","[0, 0, 0, 0, 0, 0, 0, 0, 0, 0, 0, 0, 0, 0, 0, 0, 0, 0, 0, 0, 0, 0, 0, 0, 0, 0, 0, 0, 6, 7, 2, 0, 0, 0, 1, 7, 7, 0, 0, 0, 0, 0, 0, 0, 0, 0, 0, 0, 0, 0, 0, 0, 0]"
30,"[0, 0, 0, 0, 11, 4, 0, 0, 0, 0, 5, 10]","[6, 4, 4, 4, 4, 4, 4]","[0, 0, 0, 0, 0, 0, 0, 0, 0, 0, 0, 0, 0, 0, 0, 0, 0, 0, 0, 0, 7, 7, 1, 0, 0, 0, 0, 0, 0, 0, 0, 0, 0, 0, 0, 0, 0, 0, 0, 0, 0, 0, 0, 0, 0, 0, 0, 7, 7, 1, 0, 0, 0]"
30,"[0, 3, 12, 0, 0, 0, 0, 0, 0, 8, 7, 0]","[5, 4, 5, 4, 4, 4, 4]","[0, 0, 0, 0, 0, 0, 0, 0, 7, 7, 1, 0, 0, 0, 0, 0, 0, 0, 0, 0, 0, 0, 0, 0, 0, 0, 0, 0, 0, 0, 0, 0, 0, 0, 0, 0, 0, 0, 0, 0, 0, 0, 5, 7, 3, 0, 0, 0, 0, 0, 0, 0, 0]"
30,"[0, 0, 0, 0, 0, 0, 0, 15, 15, 0, 0, 0]","[4, 5, 4, 5, 4, 4, 4]","[0, 0, 0, 0, 0, 0, 0, 0, 0, 0, 0, 0, 0, 0, 0, 0, 0, 0, 0, 0, 0, 0, 0, 0, 0, 0, 0, 0, 0, 0, 0, 4, 7, 4, 0, 0, 6, 7, 2, 0, 0, 0, 0, 0, 0, 0, 0, 0, 0, 0, 0, 0, 0]"
30,"[0, 15, 0, 0, 15, 0, 0, 0, 0, 0, 0, 0]","[4, 4, 4, 5, 4, 4, 5]","[0, 0, 0, 0, 1, 7, 7, 0, 0, 0, 0, 0, 0, 0, 0, 0, 0, 0, 4, 7, 4, 0, 0, 0, 0, 0, 0, 0, 0, 0, 0, 0, 0, 0, 0, 0, 0, 0, 0, 0, 0, 0, 0, 0, 0, 0, 0, 0, 0, 0, 0, 0, 0]"
30,"[0, 0, 0, 0, 0, 0, 0, 0, 5, 18, 7, 0]","[4, 4, 6, 4, 4, 4, 4]","[0, 0, 0, 0, 0, 0, 0, 0, 0, 0, 0, 0, 0, 0, 0, 0, 0, 0, 0, 0, 0, 0, 0, 0, 0, 0, 0, 0, 0, 0, 0, 0, 0, 0, 0, 0, 0, 0, 5, 7, 3, 0, 5, 7, 3, 0, 0, 0, 0, 0, 0, 0, 0]"
30,"[0, 0, 0, 0, 0, 15, 0, 0, 0, 15, 0, 0]","[5, 4, 4, 4, 4, 5, 4]","[0, 0, 0, 0, 0, 0, 0, 0, 0, 0, 0, 0, 0, 0, 0, 0, 0, 0, 0, 0, 0, 2, 7, 6, 0, 0, 0, 0, 0, 0, 0, 0, 0, 0, 0, 0, 0, 0, 0, 0, 0, 7, 7, 1, 0, 0, 0, 0, 0, 0, 0, 0, 0]"
30,"[0, 0, 0, 0, 15, 0, 0, 0, 0, 10, 5, 0]","[5, 4, 4, 4, 4, 5, 4]","[0, 0, 0, 0, 0, 0, 0, 0, 0, 0, 0, 0, 0, 0, 0, 0, 0, 2, 7, 6, 0, 0, 0, 0, 0, 0, 0, 0, 0, 0, 0, 0, 0, 0, 0, 0, 0, 0, 0, 0, 0, 0, 7, 7, 1, 0, 0, 0, 0, 0, 0, 0, 0]"
30,"[0, 0, 0, 15, 0, 0, 0, 0, 0, 0, 15, 0]","[4, 5, 4, 4, 4, 4, 5]","[0, 0, 0, 0, 0, 0, 0, 0, 0, 0, 0, 0, 0, 6, 7, 2, 0, 0, 0, 0, 0, 0, 0, 0, 0, 0, 0, 0, 0, 0, 0, 0, 0, 0, 0, 0, 0, 0, 0, 0, 0, 0, 0, 0, 1, 7, 7, 0, 0, 0, 0, 0, 0]"
30,"[0, 0, 7, 8, 0, 0, 0, 0, 15, 0, 0, 0]","[4, 4, 4, 5, 4, 4, 5]","[0, 0, 0, 0, 0, 0, 0, 0, 0, 0, 0, 1, 7, 7, 0, 0, 0, 0, 0, 0, 0, 0, 0, 0, 0, 0, 0, 0, 0, 0, 0, 0, 0, 0, 0, 4, 7, 4, 0, 0, 0, 0, 0, 0, 0, 0, 0, 0, 0, 0, 0, 0, 0]"
30,"[0, 15, 0, 0, 0, 0, 0, 15, 0, 0, 0, 0]","[4, 4, 5, 4, 4, 5, 4]","[0, 0, 0, 0, 0, 0, 5, 7, 3, 0, 0, 0, 0, 0, 0, 0, 0, 0, 0, 0, 0, 0, 0, 0, 0, 0, 0, 0, 0, 0, 0, 2, 7, 6, 0, 0, 0, 0, 0, 0, 0, 0, 0, 0, 0, 0, 0, 0, 0, 0, 0, 0, 0]"
30,"[0, 0, 15, 0, 0, 0, 0, 0, 0, 13, 2, 0]","[4, 5, 4, 4, 5, 4, 4]","[0, 0, 0, 0, 0, 0, 0, 0, 0, 6, 7, 2, 0, 0, 0, 0, 0, 0, 0, 0, 0, 0, 0, 0, 0, 0, 0, 0, 0, 0, 0, 0, 0, 0, 0, 0, 0, 0, 0, 0, 0, 3, 7, 5, 0, 0, 0, 0, 0, 0, 0, 0, 0]"
30,"[15, 0, 0, 0, 0, 0, 0, 0, 0, 15, 0, 0]","[4, 5, 5, 4, 4, 4, 4]","[5, 7, 3, 0, 0, 0, 0, 0, 0, 0, 0, 0, 0, 0, 0, 0, 0, 0, 0, 0, 0, 0, 0, 0, 0, 0, 0, 0, 0, 0, 0, 0, 0, 0, 0, 0, 0, 0, 0, 0, 6, 7, 2, 0, 0, 0, 0, 0, 0, 0, 0, 0, 0]"
30,"[0, 0, 0, 0, 0, 0, 0, 0, 15, 15, 0, 0]","[5, 4, 4, 4, 4, 5, 4]","[0, 0, 0, 0, 0, 0, 0, 0, 0, 0, 0, 0, 0, 0, 0, 0, 0, 0, 0, 0, 0, 0, 0, 0, 0, 0, 0, 0, 0, 0, 0, 0, 0, 0, 0, 0, 7, 7, 1, 2, 7, 6, 0, 0, 0, 0, 0, 0, 0, 0, 0, 0, 0]"
30,"[0, 0, 0, 0, 0, 0, 0, 15, 0, 15, 0, 0]","[5, 4, 4, 5, 4, 4, 4]","[0, 0, 0, 0, 0, 0, 0, 0, 0, 0, 0, 0, 0, 0, 0, 0, 0, 0, 0, 0, 0, 0, 0, 0, 0, 0, 0, 0, 0, 0, 4, 7, 4, 0, 0, 0, 0, 0, 0, 7, 7, 1, 0, 0, 0, 0, 0, 0, 0, 0, 0, 0, 0]"
30,"[0, 0, 0, 0, 0, 15, 0, 0, 15, 0, 0, 0]","[4, 4, 4, 5, 5, 4, 4]","[0, 0, 0, 0, 0, 0, 0, 0, 0, 0, 0, 0, 0, 0, 0, 0, 0, 0, 0, 0, 0, 0, 0, 3, 7, 5, 0, 0, 0, 0, 0, 0, 0, 0, 0, 0, 4, 7, 4, 0, 0, 0, 0, 0, 0, 0, 0, 0, 0, 0, 0, 0, 0]"
30,"[0, 0, 0, 15, 0, 0, 0, 0, 0, 15, 0, 0]","[4, 4, 4, 4, 4, 5, 5]","[0, 0, 0, 0, 0, 0, 0, 0, 0, 0, 0, 0, 0, 2, 7, 6, 0, 0, 0, 0, 0, 0, 0, 0, 0, 0, 0, 0, 0, 0, 0, 0, 0, 0, 0, 0, 0, 0, 0, 1, 7, 7, 0, 0, 0, 0, 0, 0, 0, 0, 0, 0, 0]"
30,"[0, 0, 0, 0, 4, 11, 15, 0, 0, 0, 0, 0]","[5, 4, 4, 4, 4, 5, 4]","[0, 0, 0, 0, 0, 0, 0, 0, 0, 0, 0, 0, 0, 0, 0, 0, 0, 0, 0, 0, 0, 7, 7, 1, 0, 0, 0, 2, 7, 6, 0, 0, 0, 0, 0, 0, 0, 0, 0, 0, 0, 0, 0, 0, 0, 0, 0, 0, 0, 0, 0, 0, 0]"
30,"[0, 0, 0, 0, 0, 5, 11, 14, 0, 0, 0, 0]","[4, 6, 4, 4, 4, 4, 4]","[0, 0, 0, 0, 0, 0, 0, 0, 0, 0, 0, 0, 0, 0, 0, 0, 0, 0, 0, 0, 0, 0, 0, 0, 0, 6, 7, 2, 0, 0, 6, 7, 2, 0, 0, 0, 0, 0, 0, 0, 0, 0, 0, 0, 0, 0, 0, 0, 0, 0, 0, 0, 0]"
30,"[15, 0, 15, 0, 0, 0, 0, 0, 0, 0, 0, 0]","[4, 4, 4, 5, 4, 4, 5]","[0, 1, 7, 7, 0, 0, 0, 0, 0, 0, 4, 7, 4, 0, 0, 0, 0, 0, 0, 0, 0, 0, 0, 0, 0, 0, 0, 0, 0, 0, 0, 0, 0, 0, 0, 0, 0, 0, 0, 0, 0, 0, 0, 0, 0, 0, 0, 0, 0, 0, 0, 0, 0]"
30,"[0, 15, 5, 10, 0, 0, 0, 0, 0, 0, 0, 0]","[4, 6, 4, 4, 4, 4, 4]","[0, 0, 0, 0, 0, 6, 7, 2, 0, 0, 0, 0, 6, 7, 2, 0, 0, 0, 0, 0, 0, 0, 0, 0, 0, 0, 0, 0, 0, 0, 0, 0, 0, 0, 0, 0, 0, 0, 0, 0, 0, 0, 0, 0, 0, 0, 0, 0, 0, 0, 0, 0, 0]"
30,"[0, 0, 0, 0, 0, 15, 0, 0, 15, 0, 0, 0]","[4, 4, 4, 4, 4, 5, 5]","[0, 0, 0, 0, 0, 0, 0, 0, 0, 0, 0, 0, 0, 0, 0, 0, 0, 0, 0, 0, 0, 1, 7, 7, 0, 0, 0, 0, 0, 0, 0, 0, 0, 0, 2, 7, 6, 0, 0, 0, 0, 0, 0, 0, 0, 0, 0, 0, 0, 0, 0, 0, 0]"
30,"[0, 0, 0, 0, 0, 15, 0, 14, 1, 0, 0, 0]","[4, 4, 4, 4, 5, 5, 4]","[0, 0, 0, 0, 0, 0, 0, 0, 0, 0, 0, 0, 0, 0, 0, 0, 0, 0, 0, 0, 0, 3, 7, 5, 0, 0, 0, 0, 0, 0, 0, 0, 2, 7, 6, 0, 0, 0, 0, 0, 0, 0, 0, 0, 0, 0, 0, 0, 0, 0, 0, 0, 0]"
30,"[0, 0, 0, 0, 0, 0, 15, 0, 0, 5, 10, 0]","[4, 4, 4, 4, 4, 5, 5]","[0, 0, 0, 0, 0, 0, 0, 0, 0, 0, 0, 0, 0, 0, 0, 0, 0, 0, 0, 0, 0, 0, 0, 0, 0, 1, 7, 7, 0, 0, 0, 0, 0, 0, 0, 0, 0, 0, 0, 0, 0, 0, 2, 7, 6, 0, 0, 0, 0, 0, 0, 0, 0]"
30,"[4, 11, 0, 0, 0, 0, 0, 0, 0, 15, 0, 0]","[4, 5, 4, 4, 4, 4, 5]","[0, 0, 0, 1, 7, 7, 0, 0, 0, 0, 0, 0, 0, 0, 0, 0, 0, 0, 0, 0, 0, 0, 0, 0, 0, 0, 0, 0, 0, 0, 0, 0, 0, 0, 0, 0, 0, 0, 0, 6, 7, 2, 0, 0, 0, 0, 0, 0, 0, 0, 0, 0, 0]"
30,"[0, 0, 0, 0, 0, 0, 11, 15, 4, 0, 0, 0]","[4, 5, 4, 4, 4, 5, 4]","[0, 0, 0, 0, 0, 0, 0, 0, 0, 0, 0, 0, 0, 0, 0, 0, 0, 0, 0, 0, 0, 0, 0, 0, 0, 0, 0, 0, 2, 7, 6, 0, 0, 6, 7, 2, 0, 0, 0, 0, 0, 0, 0, 0, 0, 0, 0, 0, 0, 0, 0, 0, 0]"
30,"[0, 0, 0, 0, 0, 4, 26, 0, 0, 0, 0, 0]","[4, 5, 5, 4, 4, 4, 4]","[0, 0, 0, 0, 0, 0, 0, 0, 0, 0, 0, 0, 0, 0, 0, 0, 0, 0, 0, 0, 0, 0, 0, 0, 0, 5, 7, 3, 6, 7, 2, 0, 0, 0, 0, 0, 0, 0, 0, 0, 0, 0, 0, 0, 0, 0, 0, 0, 0, 0, 0, 0, 0]"
30,"[0, 15, 0, 0, 0, 0, 4, 11, 0, 0, 0, 0]","[4, 4, 4, 5, 4, 5, 4]","[0, 0, 0, 0, 4, 7, 4, 0, 0, 0, 0, 0, 0, 0, 0, 0, 0, 0, 0, 0, 0, 0, 0, 0, 0, 0, 0, 0, 0, 2, 7, 6, 0, 0, 0, 0, 0, 0, 0, 0, 0, 0, 0, 0, 0, 0, 0, 0, 0, 0, 0, 0, 0]"
30,"[0, 0, 0, 15, 0, 0, 0, 0, 0, 15, 0, 0]","[4, 4, 4, 4, 4, 5, 5]","[0, 0, 0, 0, 0, 0, 0, 0, 0, 0, 0, 0, 0, 1, 7, 7, 0, 0, 0, 0, 0, 0, 0, 0, 0, 0, 0, 0, 0, 0, 0, 0, 0, 0, 0, 0, 0, 0, 0, 2, 7, 6, 0, 0, 0, 0, 0, 0, 0, 0, 0, 0, 0]"
30,"[15, 0, 0, 0, 0, 0, 2, 13, 0, 0, 0, 0]","[5, 4, 5, 4, 4, 4, 4]","[0, 5, 7, 3, 0, 0, 0, 0, 0, 0, 0, 0, 0, 0, 0, 0, 0, 0, 0, 0, 0, 0, 0, 0, 0, 0, 0, 0, 0, 0, 7, 7, 1, 0, 0, 0, 0, 0, 0, 0, 0, 0, 0, 0, 0, 0, 0, 0, 0, 0, 0, 0, 0]"
30,"[0, 0, 0, 0, 15, 12, 3, 0, 0, 0, 0, 0]","[4, 5, 5, 4, 4, 4, 4]","[0, 0, 0, 0, 0, 0, 0, 0, 0, 0, 0, 0, 0, 0, 0, 0, 0, 5, 7, 3, 0, 0, 0, 0, 6, 7, 2, 0, 0, 0, 0, 0, 0, 0, 0, 0, 0, 0, 0, 0, 0, 0, 0, 0, 0, 0, 0, 0, 0, 0, 0, 0, 0]"
30,"[0, 0, 15, 0, 0, 0, 0, 0, 0, 0, 0, 15]","[6, 4, 4, 4, 4, 4, 4]","[0, 0, 0, 0, 0, 0, 0, 0, 0, 0, 7, 7, 1, 0, 0, 0, 0, 0, 0, 0, 0, 0, 0, 0, 0, 0, 0, 0, 0, 0, 0, 0, 0, 0, 0, 0, 0, 0, 0, 0, 0, 0, 0, 0, 0, 0, 0, 0, 0, 7, 7, 1, 0]"
30,"[0, 0, 0, 15, 0, 15, 0, 0, 0, 0, 0, 0]","[4, 4, 4, 4, 4, 5, 5]","[0, 0, 0, 0, 0, 0, 0, 0, 0, 0, 0, 0, 0, 2, 7, 6, 0, 0, 0, 0, 0, 0, 1, 7, 7, 0, 0, 0, 0, 0, 0, 0, 0, 0, 0, 0, 0, 0, 0, 0, 0, 0, 0, 0, 0, 0, 0, 0, 0, 0, 0, 0, 0]"
30,"[0, 0, 0, 0, 0, 0, 0, 0, 0, 15, 0, 15]","[4, 4, 4, 4, 6, 4, 4]","[0, 0, 0, 0, 0, 0, 0, 0, 0, 0, 0, 0, 0, 0, 0, 0, 0, 0, 0, 0, 0, 0, 0, 0, 0, 0, 0, 0, 0, 0, 0, 0, 0, 0, 0, 0, 0, 0, 0, 0, 3, 7, 5, 0, 0, 0, 0, 0, 0, 3, 7, 5, 0]"
30,"[15, 0, 0, 15, 0, 0, 0, 0, 0, 0, 0, 0]","[4, 4, 4, 4, 5, 5, 4]","[0, 2, 7, 6, 0, 0, 0, 0, 0, 0, 0, 0, 0, 0, 3, 7, 5, 0, 0, 0, 0, 0, 0, 0, 0, 0, 0, 0, 0, 0, 0, 0, 0, 0, 0, 0, 0, 0, 0, 0, 0, 0, 0, 0, 0, 0, 0, 0, 0, 0, 0, 0, 0]"
30,"[13, 2, 0, 0, 0, 0, 0, 0, 0, 15, 0, 0]","[5, 4, 4, 4, 5, 4, 4]","[0, 0, 3, 7, 5, 0, 0, 0, 0, 0, 0, 0, 0, 0, 0, 0, 0, 0, 0, 0, 0, 0, 0, 0, 0, 0, 0, 0, 0, 0, 0, 0, 0, 0, 0, 0, 0, 0, 0, 0, 0, 7, 7, 1, 0, 0, 0, 0, 0, 0, 0, 0, 0]"
30,"[0, 0, 0, 15, 0, 0, 0, 0, 0, 5, 10, 0]","[4, 4, 4, 4, 4, 5, 5]","[0, 0, 0, 0, 0, 0, 0, 0, 0, 0, 0, 0, 1, 7, 7, 0, 0, 0, 0, 0, 0, 0, 0, 0, 0, 0, 0, 0, 0, 0, 0, 0, 0, 0, 0, 0, 0, 0, 0, 0, 0, 0, 2, 7, 6, 0, 0, 0, 0, 0, 0, 0, 0]"
30,"[0, 0, 0, 15, 0, 0, 0, 0, 0, 0, 13, 2]","[4, 4, 4, 5, 4, 4, 5]","[0, 0, 0, 0, 0, 0, 0, 0, 0, 0, 0, 0, 0, 4, 7, 4, 0, 0, 0, 0, 0, 0, 0, 0, 0, 0, 0, 0, 0, 0, 0, 0, 0, 0, 0, 0, 0, 0, 0, 0, 0, 0, 0, 0, 0, 1, 7, 7, 0, 0, 0, 0, 0]"
30,"[0, 0, 0, 0, 0, 15, 0, 2, 13, 0, 0, 0]","[4, 4, 4, 5, 4, 5, 4]","[0, 0, 0, 0, 0, 0, 0, 0, 0, 0, 0, 0, 0, 0, 0, 0, 0, 0, 0, 0, 0, 2, 7, 6, 0, 0, 0, 0, 0, 0, 0, 0, 0, 0, 4, 7, 4, 0, 0, 0, 0, 0, 0, 0, 0, 0, 0, 0, 0, 0, 0, 0, 0]"
30,"[0, 15, 0, 0, 0, 0, 5, 10, 0, 0, 0, 0]","[4, 4, 5, 4, 5, 4, 4]","[0, 0, 0, 0, 0, 0, 5, 7, 3, 0, 0, 0, 0, 0, 0, 0, 0, 0, 0, 0, 0, 0, 0, 0, 0, 0, 0, 0, 0, 3, 7, 5, 0, 0, 0, 0, 0, 0, 0, 0, 0, 0, 0, 0, 0, 0, 0, 0, 0, 0, 0, 0, 0]"
30,"[0, 0, 0, 0, 0, 5, 10, 0, 0, 15, 0, 0]","[5, 5, 4, 4, 4, 4, 4]","[0, 0, 0, 0, 0, 0, 0, 0, 0, 0, 0, 0, 0, 0, 0, 0, 0, 0, 0, 0, 0, 0, 0, 0, 0, 6, 7, 2, 0, 0, 0, 0, 0, 0, 0, 0, 0, 0, 0, 0, 7, 7, 1, 0, 0, 0, 0, 0, 0, 0, 0, 0, 0]"
30,"[0, 0, 0, 0, 0, 0, 0, 15, 0, 0, 0, 15]","[4, 4, 4, 4, 5, 5, 4]","[0, 0, 0, 0, 0, 0, 0, 0, 0, 0, 0, 0, 0, 0, 0, 0, 0, 0, 0, 0, 0, 0, 0, 0, 0, 0, 0, 0, 0, 0, 0, 3, 7, 5, 0, 0, 0, 0, 0, 0, 0, 0, 0, 0, 0, 0, 0, 0, 0, 2, 7, 6, 0]"
30,"[0, 0, 0, 0, 8, 22, 0, 0, 0, 0, 0, 0]","[4, 4, 4, 5, 4, 5, 4]","[0, 0, 0, 0, 0, 0, 0, 0, 0, 0, 0, 0, 0, 0, 0, 0, 0, 0, 0, 0, 4, 7, 6, 7, 6, 0, 0, 0, 0, 0, 0, 0, 0, 0, 0, 0, 0, 0, 0, 0, 0, 0, 0, 0, 0, 0, 0, 0, 0, 0, 0, 0, 0]"
30,"[0, 0, 0, 0, 5, 10, 0, 0, 0, 14, 1, 0]","[4, 4, 4, 5, 4, 4, 5]","[0, 0, 0, 0, 0, 0, 0, 0, 0, 0, 0, 0, 0, 0, 0, 0, 0, 0, 0, 0, 1, 7, 7, 0, 0, 0, 0, 0, 0, 0, 0, 0, 0, 0, 0, 0, 0, 0, 0, 0, 0, 4, 7, 4, 0, 0, 0, 0, 0, 0, 0, 0, 0]"
30,"[0, 6, 9, 8, 7, 0, 0, 0, 0, 0, 0, 0]","[5, 4, 4, 4, 5, 4, 4]","[0, 0, 0, 0, 0, 0, 0, 3, 7, 5, 0, 0, 0, 0, 0, 0, 7, 7, 1, 0, 0, 0, 0, 0, 0, 0, 0, 0, 0, 0, 0, 0, 0, 0, 0, 0, 0, 0, 0, 0, 0, 0, 0, 0, 0, 0, 0, 0, 0, 0, 0, 0, 0]"
30,"[15, 0, 0, 3, 12, 0, 0, 0, 0, 0, 0, 0]","[5, 4, 4, 4, 4, 5, 4]","[0, 7, 7, 1, 0, 0, 0, 0, 0, 0, 0, 0, 0, 0, 0, 0, 2, 7, 6, 0, 0, 0, 0, 0, 0, 0, 0, 0, 0, 0, 0, 0, 0, 0, 0, 0, 0, 0, 0, 0, 0, 0, 0, 0, 0, 0, 0, 0, 0, 0, 0, 0, 0]"
30,"[0, 17, 13, 0, 0, 0, 0, 0, 0, 0, 0, 0]","[4, 5, 5, 4, 4, 4, 4]","[0, 0, 0, 0, 0, 5, 7, 3, 6, 7, 2, 0, 0, 0, 0, 0, 0, 0, 0, 0, 0, 0, 0, 0, 0, 0, 0, 0, 0, 0, 0, 0, 0, 0, 0, 0, 0, 0, 0, 0, 0, 0, 0, 0, 0, 0, 0, 0, 0, 0, 0, 0, 0]"
30,"[0, 0, 0, 0, 0, 0, 0, 12, 6, 12, 0, 0]","[5, 4, 4, 4, 5, 4, 4]","[0, 0, 0, 0, 0, 0, 0, 0, 0, 0, 0, 0, 0, 0, 0, 0, 0, 0, 0, 0, 0, 0, 0, 0, 0, 0, 0, 0, 0, 0, 0, 0, 0, 7, 7, 1, 0, 0, 3, 7, 5, 0, 0, 0, 0, 0, 0, 0, 0, 0, 0, 0, 0]"
30,"[0, 0, 0, 0, 3, 12, 0, 0, 15, 0, 0, 0]","[4, 5, 4, 4, 4, 5, 4]","[0, 0, 0, 0, 0, 0, 0, 0, 0, 0, 0, 0, 0, 0, 0, 0, 0, 0, 0, 0, 0, 6, 7, 2, 0, 0, 0, 0, 0, 0, 0, 0, 0, 0, 2, 7, 6, 0, 0, 0, 0, 0, 0, 0, 0, 0, 0, 0, 0, 0, 0, 0, 0]"
30,"[0, 8, 7, 0, 0, 0, 0, 0, 15, 0, 0, 0]","[4, 4, 5, 4, 4, 5, 4]","[0, 0, 0, 0, 0, 0, 0, 5, 7, 3, 0, 0, 0, 0, 0, 0, 0, 0, 0, 0, 0, 0, 0, 0, 0, 0, 0, 0, 0, 0, 0, 0, 0, 0, 0, 2, 7, 6, 0, 0, 0, 0, 0, 0, 0, 0, 0, 0, 0, 0, 0, 0, 0]"
30,"[0, 0, 0, 0, 0, 15, 0, 0, 0, 0, 15, 0]","[5, 4, 4, 4, 4, 4, 5]","[0, 0, 0, 0, 0, 0, 0, 0, 0, 0, 0, 0, 0, 0, 0, 0, 0, 0, 0, 0, 0, 0, 1, 7, 7, 0, 0, 0, 0, 0, 0, 0, 0, 0, 0, 0, 0, 0, 0, 0, 0, 0, 0, 0, 0, 7, 7, 1, 0, 0, 0, 0, 0]"
30,"[0, 11, 4, 0, 0, 0, 0, 0, 0, 0, 6, 9]","[4, 4, 4, 4, 4, 4, 6]","[0, 0, 0, 0, 0, 0, 1, 7, 7, 0, 0, 0, 0, 0, 0, 0, 0, 0, 0, 0, 0, 0, 0, 0, 0, 0, 0, 0, 0, 0, 0, 0, 0, 0, 0, 0, 0, 0, 0, 0, 0, 0, 0, 0, 0, 0, 1, 7, 7, 0, 0, 0, 0]"
30,"[0, 0, 0, 0, 0, 7, 8, 0, 15, 0, 0, 0]","[5, 4, 4, 4, 4, 4, 5]","[0, 0, 0, 0, 0, 0, 0, 0, 0, 0, 0, 0, 0, 0, 0, 0, 0, 0, 0, 0, 0, 0, 0, 0, 1, 7, 7, 0, 0, 0, 0, 0, 0, 0, 0, 0, 7, 7, 1, 0, 0, 0, 0, 0, 0, 0, 0, 0, 0, 0, 0, 0, 0]"
30,"[0, 0, 0, 0, 8, 15, 7, 0, 0, 0, 0, 0]","[4, 4, 4, 5, 4, 5, 4]","[0, 0, 0, 0, 0, 0, 0, 0, 0, 0, 0, 0, 0, 0, 0, 0, 0, 0, 0, 0, 4, 7, 4, 0, 2, 7, 6, 0, 0, 0, 0, 0, 0, 0, 0, 0, 0, 0, 0, 0, 0, 0, 0, 0, 0, 0, 0, 0, 0, 0, 0, 0, 0]"
30,"[0, 1, 14, 0, 0, 15, 0, 0, 0, 0, 0, 0]","[4, 4, 5, 4, 5, 4, 4]","[0, 0, 0, 0, 0, 0, 0, 0, 5, 7, 3, 0, 0, 0, 0, 0, 0, 0, 0, 0, 0, 3, 7, 5, 0, 0, 0, 0, 0, 0, 0, 0, 0, 0, 0, 0, 0, 0, 0, 0, 0, 0, 0, 0, 0, 0, 0, 0, 0, 0, 0, 0, 0]"
30,"[0, 0, 7, 8, 15, 0, 0, 0, 0, 0, 0, 0]","[4, 4, 4, 4, 4, 4, 6]","[0, 0, 0, 0, 0, 0, 0, 0, 0, 0, 0, 1, 7, 7, 0, 0, 0, 1, 7, 7, 0, 0, 0, 0, 0, 0, 0, 0, 0, 0, 0, 0, 0, 0, 0, 0, 0, 0, 0, 0, 0, 0, 0, 0, 0, 0, 0, 0, 0, 0, 0, 0, 0]"
30,"[0, 0, 0, 0, 0, 0, 10, 9, 11, 0, 0, 0]","[4, 5, 4, 4, 4, 4, 5]","[0, 0, 0, 0, 0, 0, 0, 0, 0, 0, 0, 0, 0, 0, 0, 0, 0, 0, 0, 0, 0, 0, 0, 0, 0, 0, 0, 0, 1, 7, 7, 0, 0, 0, 6, 7, 2, 0, 0, 0, 0, 0, 0, 0, 0, 0, 0, 0, 0, 0, 0, 0, 0]"
30,"[0, 0, 0, 4, 11, 0, 0, 15, 0, 0, 0, 0]","[4, 4, 5, 4, 5, 4, 4]","[0, 0, 0, 0, 0, 0, 0, 0, 0, 0, 0, 0, 0, 0, 0, 0, 3, 7, 5, 0, 0, 0, 0, 0, 0, 0, 0, 0, 0, 0, 5, 7, 3, 0, 0, 0, 0, 0, 0, 0, 0, 0, 0, 0, 0, 0, 0, 0, 0, 0, 0, 0, 0]"
30,"[3, 12, 0, 0, 0, 0, 0, 0, 0, 0, 0, 15]","[5, 4, 4, 4, 4, 4, 5]","[0, 0, 0, 0, 7, 7, 1, 0, 0, 0, 0, 0, 0, 0, 0, 0, 0, 0, 0, 0, 0, 0, 0, 0, 0, 0, 0, 0, 0, 0, 0, 0, 0, 0, 0, 0, 0, 0, 0, 0, 0, 0, 0, 0, 0, 0, 0, 1, 7, 7, 0, 0, 0]"
30,"[0, 15, 0, 1, 14, 0, 0, 0, 0, 0, 0, 0]","[5, 4, 5, 4, 4, 4, 4]","[0, 0, 0, 0, 0, 5, 7, 3, 0, 0, 0, 0, 0, 0, 0, 0, 0, 7, 7, 1, 0, 0, 0, 0, 0, 0, 0, 0, 0, 0, 0, 0, 0, 0, 0, 0, 0, 0, 0, 0, 0, 0, 0, 0, 0, 0, 0, 0, 0, 0, 0, 0, 0]"
30,"[0, 0, 0, 2, 13, 0, 0, 0, 0, 0, 0, 15]","[4, 5, 4, 4, 4, 4, 5]","[0, 0, 0, 0, 0, 0, 0, 0, 0, 0, 0, 0, 0, 0, 0, 0, 1, 7, 7, 0, 0, 0, 0, 0, 0, 0, 0, 0, 0, 0, 0, 0, 0, 0, 0, 0, 0, 0, 0, 0, 0, 0, 0, 0, 0, 0, 0, 0, 6, 7, 2, 0, 0]"
30,"[0, 0, 0, 0, 15, 0, 0, 0, 0, 0, 14, 1]","[4, 4, 5, 4, 4, 5, 4]","[0, 0, 0, 0, 0, 0, 0, 0, 0, 0, 0, 0, 0, 0, 0, 0, 0, 0, 5, 7, 3, 0, 0, 0, 0, 0, 0, 0, 0, 0, 0, 0, 0, 0, 0, 0, 0, 0, 0, 0, 0, 0, 0, 0, 0, 2, 7, 6, 0, 0, 0, 0, 0]"
30,"[0, 0, 0, 0, 0, 8, 7, 0, 15, 0, 0, 0]","[4, 5, 4, 4, 4, 5, 4]","[0, 0, 0, 0, 0, 0, 0, 0, 0, 0, 0, 0, 0, 0, 0, 0, 0, 0, 0, 0, 0, 0, 0, 0, 2, 7, 6, 0, 0, 0, 0, 0, 0, 0, 0, 0, 6, 7, 2, 0, 0, 0, 0, 0, 0, 0, 0, 0, 0, 0, 0, 0, 0]"
30,"[0, 0, 5, 10, 0, 15, 0, 0, 0, 0, 0, 0]","[4, 5, 4, 4, 4, 4, 5]","[0, 0, 0, 0, 0, 0, 0, 0, 0, 0, 0, 0, 6, 7, 2, 0, 0, 0, 0, 0, 0, 0, 1, 7, 7, 0, 0, 0, 0, 0, 0, 0, 0, 0, 0, 0, 0, 0, 0, 0, 0, 0, 0, 0, 0, 0, 0, 0, 0, 0, 0, 0, 0]"
30,"[0, 0, 0, 0, 0, 0, 0, 0, 6, 9, 0, 15]","[4, 5, 4, 4, 5, 4, 4]","[0, 0, 0, 0, 0, 0, 0, 0, 0, 0, 0, 0, 0, 0, 0, 0, 0, 0, 0, 0, 0, 0, 0, 0, 0, 0, 0, 0, 0, 0, 0, 0, 0, 0, 0, 0, 0, 0, 6, 7, 2, 0, 0, 0, 0, 0, 0, 0, 3, 7, 5, 0, 0]"
30,"[0, 0, 0, 15, 0, 0, 0, 0, 0, 15, 0, 0]","[4, 5, 4, 4, 4, 5, 4]","[0, 0, 0, 0, 0, 0, 0, 0, 0, 0, 0, 0, 0, 6, 7, 2, 0, 0, 0, 0, 0, 0, 0, 0, 0, 0, 0, 0, 0, 0, 0, 0, 0, 0, 0, 0, 0, 0, 0, 2, 7, 6, 0, 0, 0, 0, 0, 0, 0, 0, 0, 0, 0]"
30,"[0, 0, 0, 15, 0, 0, 0, 0, 14, 1, 0, 0]","[6, 4, 4, 4, 4, 4, 4]","[0, 0, 0, 0, 0, 0, 0, 0, 0, 0, 0, 0, 0, 7, 7, 1, 0, 0, 0, 0, 0, 0, 0, 0, 0, 0, 0, 0, 0, 0, 0, 0, 0, 0, 0, 0, 0, 7, 7, 1, 0, 0, 0, 0, 0, 0, 0, 0, 0, 0, 0, 0, 0]"
30,"[0, 0, 0, 0, 7, 8, 0, 0, 0, 15, 0, 0]","[4, 4, 4, 5, 5, 4, 4]","[0, 0, 0, 0, 0, 0, 0, 0, 0, 0, 0, 0, 0, 0, 0, 0, 0, 0, 0, 0, 3, 7, 5, 0, 0, 0, 0, 0, 0, 0, 0, 0, 0, 0, 0, 0, 0, 0, 0, 4, 7, 4, 0, 0, 0, 0, 0, 0, 0, 0, 0, 0, 0]"
30,"[0, 0, 3, 12, 0, 0, 0, 0, 15, 0, 0, 0]","[4, 4, 4, 5, 4, 5, 4]","[0, 0, 0, 0, 0, 0, 0, 0, 0, 0, 0, 0, 4, 7, 4, 0, 0, 0, 0, 0, 0, 0, 0, 0, 0, 0, 0, 0, 0, 0, 0, 0, 0, 0, 0, 0, 2, 7, 6, 0, 0, 0, 0, 0, 0, 0, 0, 0, 0, 0, 0, 0, 0]"
30,"[4, 11, 15, 0, 0, 0, 0, 0, 0, 0, 0, 0]","[4, 4, 4, 5, 4, 4, 5]","[0, 0, 0, 1, 7, 7, 0, 0, 4, 7, 4, 0, 0, 0, 0, 0, 0, 0, 0, 0, 0, 0, 0, 0, 0, 0, 0, 0, 0, 0, 0, 0, 0, 0, 0, 0, 0, 0, 0, 0, 0, 0, 0, 0, 0, 0, 0, 0, 0, 0, 0, 0, 0]"
30,"[0, 0, 0, 0, 0, 15, 0, 0, 0, 0, 15, 0]","[4, 4, 5, 5, 4, 4, 4]","[0, 0, 0, 0, 0, 0, 0, 0, 0, 0, 0, 0, 0, 0, 0, 0, 0, 0, 0, 0, 0, 0, 5, 7, 3, 0, 0, 0, 0, 0, 0, 0, 0, 0, 0, 0, 0, 0, 0, 0, 0, 0, 0, 0, 0, 4, 7, 4, 0, 0, 0, 0, 0]"
30,"[0, 15, 0, 0, 0, 6, 9, 0, 0, 0, 0, 0]","[5, 4, 5, 4, 4, 4, 4]","[0, 0, 0, 0, 0, 0, 5, 7, 3, 0, 0, 0, 0, 0, 0, 0, 0, 0, 0, 0, 0, 0, 0, 0, 0, 7, 7, 1, 0, 0, 0, 0, 0, 0, 0, 0, 0, 0, 0, 0, 0, 0, 0, 0, 0, 0, 0, 0, 0, 0, 0, 0, 0]"
30,"[0, 0, 15, 0, 0, 0, 0, 0, 15, 0, 0, 0]","[4, 6, 4, 4, 4, 4, 4]","[0, 0, 0, 0, 0, 0, 0, 0, 0, 6, 7, 2, 0, 0, 0, 0, 0, 0, 0, 0, 0, 0, 0, 0, 0, 0, 0, 0, 0, 0, 0, 0, 0, 0, 0, 6, 7, 2, 0, 0, 0, 0, 0, 0, 0, 0, 0, 0, 0, 0, 0, 0, 0]"
30,"[0, 0, 0, 15, 0, 0, 0, 0, 15, 0, 0, 0]","[6, 4, 4, 4, 4, 4, 4]","[0, 0, 0, 0, 0, 0, 0, 0, 0, 0, 0, 0, 0, 0, 7, 7, 1, 0, 0, 0, 0, 0, 0, 0, 0, 0, 0, 0, 0, 0, 0, 0, 0, 0, 0, 0, 7, 7, 1, 0, 0, 0, 0, 0, 0, 0, 0, 0, 0, 0, 0, 0, 0]"
30,"[0, 0, 0, 0, 0, 0, 15, 0, 0, 15, 0, 0]","[4, 4, 4, 6, 4, 4, 4]","[0, 0, 0, 0, 0, 0, 0, 0, 0, 0, 0, 0, 0, 0, 0, 0, 0, 0, 0, 0, 0, 0, 0, 0, 0, 0, 4, 7, 4, 0, 0, 0, 0, 0, 0, 0, 0, 0, 0, 0, 4, 7, 4, 0, 0, 0, 0, 0, 0, 0, 0, 0, 0]"
30,"[0, 3, 12, 0, 0, 0, 15, 0, 0, 0, 0, 0]","[5, 4, 5, 4, 4, 4, 4]","[0, 0, 0, 0, 0, 0, 0, 0, 7, 7, 1, 0, 0, 0, 0, 0, 0, 0, 0, 0, 0, 0, 0, 0, 0, 0, 0, 5, 7, 3, 0, 0, 0, 0, 0, 0, 0, 0, 0, 0, 0, 0, 0, 0, 0, 0, 0, 0, 0, 0, 0, 0, 0]"
30,"[0, 0, 0, 0, 0, 15, 0, 0, 0, 1, 14, 0]","[4, 5, 5, 4, 4, 4, 4]","[0, 0, 0, 0, 0, 0, 0, 0, 0, 0, 0, 0, 0, 0, 0, 0, 0, 0, 0, 0, 0, 0, 0, 6, 7, 2, 0, 0, 0, 0, 0, 0, 0, 0, 0, 0, 0, 0, 0, 0, 0, 0, 0, 5, 7, 3, 0, 0, 0, 0, 0, 0, 0]"
30,"[15, 0, 0, 0, 0, 0, 0, 0, 3, 12, 0, 0]","[4, 4, 4, 4, 5, 4, 5]","[1, 7, 7, 0, 0, 0, 0, 0, 0, 0, 0, 0, 0, 0, 0, 0, 0, 0, 0, 0, 0, 0, 0, 0, 0, 0, 0, 0, 0, 0, 0, 0, 0, 0, 0, 0, 0, 0, 3, 7, 5, 0, 0, 0, 0, 0, 0, 0, 0, 0, 0, 0, 0]"
30,"[0, 0, 0, 0, 0, 9, 6, 0, 14, 1, 0, 0]","[5, 4, 4, 4, 5, 4, 4]","[0, 0, 0, 0, 0, 0, 0, 0, 0, 0, 0, 0, 0, 0, 0, 0, 0, 0, 0, 0, 0, 0, 0, 0, 3, 7, 5, 0, 0, 0, 0, 0, 0, 0, 0, 0, 0, 7, 7, 1, 0, 0, 0, 0, 0, 0, 0, 0, 0, 0, 0, 0, 0]"
30,"[0, 0, 0, 0, 13, 2, 0, 11, 4, 0, 0, 0]","[4, 5, 4, 4, 4, 5, 4]","[0, 0, 0, 0, 0, 0, 0, 0, 0, 0, 0, 0, 0, 0, 0, 0, 0, 0, 0, 2, 7, 6, 0, 0, 0, 0, 0, 0, 0, 0, 0, 0, 0, 6, 7, 2, 0, 0, 0, 0, 0, 0, 0, 0, 0, 0, 0, 0, 0, 0, 0, 0, 0]"
30,"[0, 0, 0, 12, 3, 0, 0, 13, 2, 0, 0, 0]","[4, 4, 4, 5, 4, 4, 5]","[0, 0, 0, 0, 0, 0, 0, 0, 0, 0, 0, 0, 0, 0, 0, 4, 7, 4, 0, 0, 0, 0, 0, 0, 0, 0, 0, 0, 0, 0, 0, 0, 1, 7, 7, 0, 0, 0, 0, 0, 0, 0, 0, 0, 0, 0, 0, 0, 0, 0, 0, 0, 0]"
30,"[0, 10, 5, 0, 0, 0, 0, 15, 0, 0, 0, 0]","[5, 4, 4, 4, 4, 4, 5]","[0, 0, 0, 0, 0, 0, 0, 7, 7, 1, 0, 0, 0, 0, 0, 0, 0, 0, 0, 0, 0, 0, 0, 0, 0, 0, 0, 0, 0, 0, 1, 7, 7, 0, 0, 0, 0, 0, 0, 0, 0, 0, 0, 0, 0, 0, 0, 0, 0, 0, 0, 0, 0]"
30,"[0, 15, 0, 0, 0, 0, 0, 6, 9, 0, 0, 0]","[4, 4, 4, 4, 4, 5, 5]","[0, 0, 0, 0, 2, 7, 6, 0, 0, 0, 0, 0, 0, 0, 0, 0, 0, 0, 0, 0, 0, 0, 0, 0, 0, 0, 0, 0, 0, 0, 0, 0, 0, 1, 7, 7, 0, 0, 0, 0, 0, 0, 0, 0, 0, 0, 0, 0, 0, 0, 0, 0, 0]"
30,"[4, 11, 0, 0, 0, 0, 0, 15, 0, 0, 0, 0]","[4, 4, 4, 5, 4, 4, 5]","[0, 0, 0, 1, 7, 7, 0, 0, 0, 0, 0, 0, 0, 0, 0, 0, 0, 0, 0, 0, 0, 0, 0, 0, 0, 0, 0, 0, 0, 0, 0, 4, 7, 4, 0, 0, 0, 0, 0, 0, 0, 0, 0, 0, 0, 0, 0, 0, 0, 0, 0, 0, 0]"
30,"[0, 0, 0, 0, 15, 0, 0, 0, 8, 7, 0, 0]","[5, 4, 4, 4, 4, 4, 5]","[0, 0, 0, 0, 0, 0, 0, 0, 0, 0, 0, 0, 0, 0, 0, 0, 0, 0, 0, 7, 7, 1, 0, 0, 0, 0, 0, 0, 0, 0, 0, 0, 0, 0, 0, 0, 0, 1, 7, 7, 0, 0, 0, 0, 0, 0, 0, 0, 0, 0, 0, 0, 0]"
30,"[15, 0, 0, 0, 0, 0, 0, 0, 0, 15, 0, 0]","[4, 4, 5, 4, 4, 4, 5]","[0, 1, 7, 7, 0, 0, 0, 0, 0, 0, 0, 0, 0, 0, 0, 0, 0, 0, 0, 0, 0, 0, 0, 0, 0, 0, 0, 0, 0, 0, 0, 0, 0, 0, 0, 0, 0, 0, 0, 5, 7, 3, 0, 0, 0, 0, 0, 0, 0, 0, 0, 0, 0]"
30,"[0, 0, 15, 0, 0, 0, 15, 0, 0, 0, 0, 0]","[4, 4, 4, 4, 4, 5, 5]","[0, 0, 0, 0, 0, 0, 0, 0, 1, 7, 7, 0, 0, 0, 0, 0, 0, 0, 0, 0, 0, 0, 0, 0, 0, 0, 2, 7, 6, 0, 0, 0, 0, 0, 0, 0, 0, 0, 0, 0, 0, 0, 0, 0, 0, 0, 0, 0, 0, 0, 0, 0, 0]"
30,"[0, 0, 15, 0, 15, 0, 0, 0, 0, 0, 0, 0]","[4, 5, 5, 4, 4, 4, 4]","[0, 0, 0, 0, 0, 0, 0, 0, 0, 5, 7, 3, 0, 0, 0, 0, 0, 0, 0, 6, 7, 2, 0, 0, 0, 0, 0, 0, 0, 0, 0, 0, 0, 0, 0, 0, 0, 0, 0, 0, 0, 0, 0, 0, 0, 0, 0, 0, 0, 0, 0, 0, 0]"
30,"[0, 13, 2, 0, 0, 0, 0, 12, 3, 0, 0, 0]","[5, 4, 4, 4, 5, 4, 4]","[0, 0, 0, 0, 0, 0, 3, 7, 5, 0, 0, 0, 0, 0, 0, 0, 0, 0, 0, 0, 0, 0, 0, 0, 0, 0, 0, 0, 0, 0, 0, 0, 0, 7, 7, 1, 0, 0, 0, 0, 0, 0, 0, 0, 0, 0, 0, 0, 0, 0, 0, 0, 0]"
30,"[0, 15, 0, 0, 0, 0, 0, 6, 9, 0, 0, 0]","[4, 4, 4, 4, 4, 5, 5]","[0, 0, 0, 0, 2, 7, 6, 0, 0, 0, 0, 0, 0, 0, 0, 0, 0, 0, 0, 0, 0, 0, 0, 0, 0, 0, 0, 0, 0, 0, 0, 0, 0, 1, 7, 7, 0, 0, 0, 0, 0, 0, 0, 0, 0, 0, 0, 0, 0, 0, 0, 0, 0]"
30,"[0, 0, 15, 0, 0, 0, 0, 15, 0, 0, 0, 0]","[5, 4, 4, 4, 4, 5, 4]","[0, 0, 0, 0, 0, 0, 0, 0, 2, 7, 6, 0, 0, 0, 0, 0, 0, 0, 0, 0, 0, 0, 0, 0, 0, 0, 0, 0, 0, 0, 0, 7, 7, 1, 0, 0, 0, 0, 0, 0, 0, 0, 0, 0, 0, 0, 0, 0, 0, 0, 0, 0, 0]"
30,"[0, 5, 10, 0, 0, 0, 0, 0, 0, 15, 0, 0]","[4, 4, 4, 4, 5, 5, 4]","[0, 0, 0, 0, 0, 0, 0, 2, 7, 6, 0, 0, 0, 0, 0, 0, 0, 0, 0, 0, 0, 0, 0, 0, 0, 0, 0, 0, 0, 0, 0, 0, 0, 0, 0, 0, 0, 0, 0, 3, 7, 5, 0, 0, 0, 0, 0, 0, 0, 0, 0, 0, 0]"
30,"[0, 0, 0, 15, 0, 0, 0, 0, 0, 0, 9, 6]","[4, 4, 4, 5, 4, 4, 5]","[0, 0, 0, 0, 0, 0, 0, 0, 0, 0, 0, 0, 0, 0, 1, 7, 7, 0, 0, 0, 0, 0, 0, 0, 0, 0, 0, 0, 0, 0, 0, 0, 0, 0, 0, 0, 0, 0, 0, 0, 0, 0, 0, 0, 0, 0, 4, 7, 4, 0, 0, 0, 0]"
30,"[0, 0, 0, 0, 0, 0, 15, 0, 0, 0, 0, 15]","[4, 4, 4, 6, 4, 4, 4]","[0, 0, 0, 0, 0, 0, 0, 0, 0, 0, 0, 0, 0, 0, 0, 0, 0, 0, 0, 0, 0, 0, 0, 0, 0, 0, 0, 4, 7, 4, 0, 0, 0, 0, 0, 0, 0, 0, 0, 0, 0, 0, 0, 0, 0, 0, 0, 0, 0, 4, 7, 4, 0]"
30,"[0, 0, 0, 9, 6, 15, 0, 0, 0, 0, 0, 0]","[4, 4, 5, 4, 4, 4, 5]","[0, 0, 0, 0, 0, 0, 0, 0, 0, 0, 0, 0, 0, 0, 0, 1, 7, 7, 0, 0, 0, 0, 5, 7, 3, 0, 0, 0, 0, 0, 0, 0, 0, 0, 0, 0, 0, 0, 0, 0, 0, 0, 0, 0, 0, 0, 0, 0, 0, 0, 0, 0, 0]"
30,"[0, 0, 0, 0, 0, 0, 15, 15, 0, 0, 0, 0]","[5, 4, 4, 4, 5, 4, 4]","[0, 0, 0, 0, 0, 0, 0, 0, 0, 0, 0, 0, 0, 0, 0, 0, 0, 0, 0, 0, 0, 0, 0, 0, 0, 0, 0, 7, 7, 1, 3, 7, 5, 0, 0, 0, 0, 0, 0, 0, 0, 0, 0, 0, 0, 0, 0, 0, 0, 0, 0, 0, 0]"
30,"[15, 0, 0, 15, 0, 0, 0, 0, 0, 0, 0, 0]","[5, 4, 4, 4, 4, 5, 4]","[0, 7, 7, 1, 0, 0, 0, 0, 0, 0, 0, 0, 0, 0, 2, 7, 6, 0, 0, 0, 0, 0, 0, 0, 0, 0, 0, 0, 0, 0, 0, 0, 0, 0, 0, 0, 0, 0, 0, 0, 0, 0, 0, 0, 0, 0, 0, 0, 0, 0, 0, 0, 0]"
30,"[0, 6, 9, 0, 0, 0, 0, 0, 0, 0, 0, 15]","[5, 4, 4, 4, 5, 4, 4]","[0, 0, 0, 0, 0, 0, 0, 3, 7, 5, 0, 0, 0, 0, 0, 0, 0, 0, 0, 0, 0, 0, 0, 0, 0, 0, 0, 0, 0, 0, 0, 0, 0, 0, 0, 0, 0, 0, 0, 0, 0, 0, 0, 0, 0, 0, 0, 0, 7, 7, 1, 0, 0]"
30,"[0, 0, 0, 0, 5, 10, 15, 0, 0, 0, 0, 0]","[4, 5, 4, 4, 4, 4, 5]","[0, 0, 0, 0, 0, 0, 0, 0, 0, 0, 0, 0, 0, 0, 0, 0, 0, 0, 0, 0, 1, 7, 7, 0, 0, 0, 6, 7, 2, 0, 0, 0, 0, 0, 0, 0, 0, 0, 0, 0, 0, 0, 0, 0, 0, 0, 0, 0, 0, 0, 0, 0, 0]"
30,"[0, 0, 0, 0, 0, 15, 0, 0, 0, 15, 0, 0]","[5, 4, 5, 4, 4, 4, 4]","[0, 0, 0, 0, 0, 0, 0, 0, 0, 0, 0, 0, 0, 0, 0, 0, 0, 0, 0, 0, 0, 0, 0, 5, 7, 3, 0, 0, 0, 0, 0, 0, 0, 0, 0, 0, 0, 0, 0, 0, 7, 7, 1, 0, 0, 0, 0, 0, 0, 0, 0, 0, 0]"
30,"[9, 10, 11, 0, 0, 0, 0, 0, 0, 0, 0, 0]","[4, 5, 4, 4, 4, 4, 5]","[0, 0, 0, 6, 7, 2, 0, 1, 7, 7, 0, 0, 0, 0, 0, 0, 0, 0, 0, 0, 0, 0, 0, 0, 0, 0, 0, 0, 0, 0, 0, 0, 0, 0, 0, 0, 0, 0, 0, 0, 0, 0, 0, 0, 0, 0, 0, 0, 0, 0, 0, 0, 0]"
30,"[0, 0, 0, 15, 0, 0, 15, 0, 0, 0, 0, 0]","[4, 4, 4, 5, 4, 5, 4]","[0, 0, 0, 0, 0, 0, 0, 0, 0, 0, 0, 0, 0, 2, 7, 6, 0, 0, 0, 0, 0, 0, 0, 0, 0, 0, 4, 7, 4, 0, 0, 0, 0, 0, 0, 0, 0, 0, 0, 0, 0, 0, 0, 0, 0, 0, 0, 0, 0, 0, 0, 0, 0]"
30,"[0, 0, 0, 0, 0, 15, 0, 9, 6, 0, 0, 0]","[4, 4, 4, 6, 4, 4, 4]","[0, 0, 0, 0, 0, 0, 0, 0, 0, 0, 0, 0, 0, 0, 0, 0, 0, 0, 0, 0, 0, 0, 4, 7, 4, 0, 0, 0, 0, 0, 0, 0, 0, 4, 7, 4, 0, 0, 0, 0, 0, 0, 0, 0, 0, 0, 0, 0, 0, 0, 0, 0, 0]"
30,"[0, 0, 0, 0, 0, 15, 0, 0, 0, 0, 4, 11]","[5, 5, 4, 4, 4, 4, 4]","[0, 0, 0, 0, 0, 0, 0, 0, 0, 0, 0, 0, 0, 0, 0, 0, 0, 0, 0, 0, 0, 0, 7, 7, 1, 0, 0, 0, 0, 0, 0, 0, 0, 0, 0, 0, 0, 0, 0, 0, 0, 0, 0, 0, 0, 0, 0, 6, 7, 2, 0, 0, 0]"
30,"[0, 3, 12, 0, 0, 0, 0, 15, 0, 0, 0, 0]","[5, 4, 5, 4, 4, 4, 4]","[0, 0, 0, 0, 0, 0, 0, 0, 7, 7, 1, 0, 0, 0, 0, 0, 0, 0, 0, 0, 0, 0, 0, 0, 0, 0, 0, 0, 0, 0, 5, 7, 3, 0, 0, 0, 0, 0, 0, 0, 0, 0, 0, 0, 0, 0, 0, 0, 0, 0, 0, 0, 0]"
30,"[0, 0, 0, 0, 0, 15, 15, 0, 0, 0, 0, 0]","[5, 4, 4, 4, 5, 4, 4]","[0, 0, 0, 0, 0, 0, 0, 0, 0, 0, 0, 0, 0, 0, 0, 0, 0, 0, 0, 0, 0, 3, 7, 5, 0, 0, 0, 7, 7, 1, 0, 0, 0, 0, 0, 0, 0, 0, 0, 0, 0, 0, 0, 0, 0, 0, 0, 0, 0, 0, 0, 0, 0]"
30,"[0, 0, 5, 10, 0, 0, 0, 0, 0, 15, 0, 0]","[4, 5, 5, 4, 4, 4, 4]","[0, 0, 0, 0, 0, 0, 0, 0, 0, 0, 0, 0, 6, 7, 2, 0, 0, 0, 0, 0, 0, 0, 0, 0, 0, 0, 0, 0, 0, 0, 0, 0, 0, 0, 0, 0, 0, 0, 0, 0, 5, 7, 3, 0, 0, 0, 0, 0, 0, 0, 0, 0, 0]"
30,"[0, 0, 0, 14, 1, 0, 0, 0, 0, 0, 1, 14]","[4, 5, 4, 4, 5, 4, 4]","[0, 0, 0, 0, 0, 0, 0, 0, 0, 0, 0, 0, 0, 0, 0, 6, 7, 2, 0, 0, 0, 0, 0, 0, 0, 0, 0, 0, 0, 0, 0, 0, 0, 0, 0, 0, 0, 0, 0, 0, 0, 0, 0, 0, 0, 0, 0, 3, 7, 5, 0, 0, 0]"
30,"[0, 0, 0, 0, 0, 14, 16, 0, 0, 0, 0, 0]","[4, 5, 4, 4, 4, 4, 5]","[0, 0, 0, 0, 0, 0, 0, 0, 0, 0, 0, 0, 0, 0, 0, 0, 0, 0, 0, 0, 0, 0, 0, 1, 7, 7, 0, 6, 7, 2, 0, 0, 0, 0, 0, 0, 0, 0, 0, 0, 0, 0, 0, 0, 0, 0, 0, 0, 0, 0, 0, 0, 0]"
30,"[0, 0, 0, 0, 11, 4, 0, 0, 0, 7, 8, 0]","[5, 4, 4, 5, 4, 4, 4]","[0, 0, 0, 0, 0, 0, 0, 0, 0, 0, 0, 0, 0, 0, 0, 0, 0, 0, 0, 0, 7, 7, 1, 0, 0, 0, 0, 0, 0, 0, 0, 0, 0, 0, 0, 0, 0, 0, 0, 0, 0, 0, 4, 7, 4, 0, 0, 0, 0, 0, 0, 0, 0]"
30,"[15, 0, 0, 15, 0, 0, 0, 0, 0, 0, 0, 0]","[4, 5, 4, 4, 4, 4, 5]","[1, 7, 7, 0, 0, 0, 0, 0, 0, 0, 0, 0, 0, 0, 6, 7, 2, 0, 0, 0, 0, 0, 0, 0, 0, 0, 0, 0, 0, 0, 0, 0, 0, 0, 0, 0, 0, 0, 0, 0, 0, 0, 0, 0, 0, 0, 0, 0, 0, 0, 0, 0, 0]"
30,"[0, 0, 0, 0, 15, 0, 0, 0, 0, 10, 5, 0]","[5, 5, 4, 4, 4, 4, 4]","[0, 0, 0, 0, 0, 0, 0, 0, 0, 0, 0, 0, 0, 0, 0, 0, 0, 0, 6, 7, 2, 0, 0, 0, 0, 0, 0, 0, 0, 0, 0, 0, 0, 0, 0, 0, 0, 0, 0, 0, 0, 0, 7, 7, 1, 0, 0, 0, 0, 0, 0, 0, 0]"
30,"[15, 0, 0, 0, 0, 0, 0, 0, 0, 0, 15, 0]","[5, 4, 4, 5, 4, 4, 4]","[4, 7, 4, 0, 0, 0, 0, 0, 0, 0, 0, 0, 0, 0, 0, 0, 0, 0, 0, 0, 0, 0, 0, 0, 0, 0, 0, 0, 0, 0, 0, 0, 0, 0, 0, 0, 0, 0, 0, 0, 0, 0, 0, 0, 0, 7, 7, 1, 0, 0, 0, 0, 0]"
30,"[0, 14, 1, 0, 0, 0, 15, 0, 0, 0, 0, 0]","[5, 4, 4, 5, 4, 4, 4]","[0, 0, 0, 0, 0, 0, 4, 7, 4, 0, 0, 0, 0, 0, 0, 0, 0, 0, 0, 0, 0, 0, 0, 0, 0, 0, 0, 7, 7, 1, 0, 0, 0, 0, 0, 0, 0, 0, 0, 0, 0, 0, 0, 0, 0, 0, 0, 0, 0, 0, 0, 0, 0]"
30,"[0, 0, 0, 15, 0, 0, 6, 9, 0, 0, 0, 0]","[5, 4, 4, 5, 4, 4, 4]","[0, 0, 0, 0, 0, 0, 0, 0, 0, 0, 0, 0, 0, 0, 0, 7, 7, 1, 0, 0, 0, 0, 0, 0, 0, 0, 0, 0, 0, 4, 7, 4, 0, 0, 0, 0, 0, 0, 0, 0, 0, 0, 0, 0, 0, 0, 0, 0, 0, 0, 0, 0, 0]"
30,"[0, 15, 0, 10, 5, 0, 0, 0, 0, 0, 0, 0]","[4, 4, 4, 4, 4, 5, 5]","[0, 0, 0, 0, 1, 7, 7, 0, 0, 0, 0, 0, 0, 0, 0, 2, 7, 6, 0, 0, 0, 0, 0, 0, 0, 0, 0, 0, 0, 0, 0, 0, 0, 0, 0, 0, 0, 0, 0, 0, 0, 0, 0, 0, 0, 0, 0, 0, 0, 0, 0, 0, 0]"
30,"[0, 0, 0, 0, 0, 0, 0, 25, 5, 0, 0, 0]","[4, 4, 5, 4, 4, 5, 4]","[0, 0, 0, 0, 0, 0, 0, 0, 0, 0, 0, 0, 0, 0, 0, 0, 0, 0, 0, 0, 0, 0, 0, 0, 0, 0, 0, 0, 0, 0, 2, 7, 6, 5, 7, 3, 0, 0, 0, 0, 0, 0, 0, 0, 0, 0, 0, 0, 0, 0, 0, 0, 0]"
30,"[0, 15, 0, 1, 14, 0, 0, 0, 0, 0, 0, 0]","[5, 4, 4, 4, 4, 4, 5]","[0, 0, 0, 0, 0, 1, 7, 7, 0, 0, 0, 0, 0, 0, 0, 0, 0, 7, 7, 1, 0, 0, 0, 0, 0, 0, 0, 0, 0, 0, 0, 0, 0, 0, 0, 0, 0, 0, 0, 0, 0, 0, 0, 0, 0, 0, 0, 0, 0, 0, 0, 0, 0]"
30,"[0, 0, 5, 10, 0, 0, 0, 3, 12, 0, 0, 0]","[4, 5, 5, 4, 4, 4, 4]","[0, 0, 0, 0, 0, 0, 0, 0, 0, 0, 0, 0, 6, 7, 2, 0, 0, 0, 0, 0, 0, 0, 0, 0, 0, 0, 0, 0, 0, 0, 0, 0, 0, 0, 5, 7, 3, 0, 0, 0, 0, 0, 0, 0, 0, 0, 0, 0, 0, 0, 0, 0, 0]"
30,"[0, 0, 0, 0, 0, 0, 0, 10, 20, 0, 0, 0]","[4, 4, 5, 5, 4, 4, 4]","[0, 0, 0, 0, 0, 0, 0, 0, 0, 0, 0, 0, 0, 0, 0, 0, 0, 0, 0, 0, 0, 0, 0, 0, 0, 0, 0, 0, 0, 0, 0, 0, 0, 5, 7, 3, 4, 7, 4, 0, 0, 0, 0, 0, 0, 0, 0, 0, 0, 0, 0, 0, 0]"
30,"[0, 0, 0, 0, 0, 0, 0, 0, 15, 0, 6, 9]","[4, 5, 4, 4, 4, 4, 5]","[0, 0, 0, 0, 0, 0, 0, 0, 0, 0, 0, 0, 0, 0, 0, 0, 0, 0, 0, 0, 0, 0, 0, 0, 0, 0, 0, 0, 0, 0, 0, 0, 0, 0, 0, 6, 7, 2, 0, 0, 0, 0, 0, 0, 0, 0, 1, 7, 7, 0, 0, 0, 0]"
30,"[0, 15, 0, 8, 7, 0, 0, 0, 0, 0, 0, 0]","[5, 4, 4, 4, 4, 4, 5]","[0, 0, 0, 0, 1, 7, 7, 0, 0, 0, 0, 0, 0, 0, 0, 0, 7, 7, 1, 0, 0, 0, 0, 0, 0, 0, 0, 0, 0, 0, 0, 0, 0, 0, 0, 0, 0, 0, 0, 0, 0, 0, 0, 0, 0, 0, 0, 0, 0, 0, 0, 0, 0]"
30,"[0, 0, 0, 0, 0, 0, 0, 15, 0, 0, 11, 4]","[4, 5, 4, 4, 4, 5, 4]","[0, 0, 0, 0, 0, 0, 0, 0, 0, 0, 0, 0, 0, 0, 0, 0, 0, 0, 0, 0, 0, 0, 0, 0, 0, 0, 0, 0, 0, 0, 2, 7, 6, 0, 0, 0, 0, 0, 0, 0, 0, 0, 0, 0, 0, 0, 6, 7, 2, 0, 0, 0, 0]"
30,"[0, 0, 15, 0, 0, 0, 0, 0, 0, 0, 0, 15]","[4, 4, 4, 4, 4, 6, 4]","[0, 0, 0, 0, 0, 0, 0, 0, 0, 0, 2, 7, 6, 0, 0, 0, 0, 0, 0, 0, 0, 0, 0, 0, 0, 0, 0, 0, 0, 0, 0, 0, 0, 0, 0, 0, 0, 0, 0, 0, 0, 0, 0, 0, 0, 0, 0, 0, 2, 7, 6, 0, 0]"
30,"[15, 0, 8, 7, 0, 0, 0, 0, 0, 0, 0, 0]","[4, 4, 4, 4, 4, 6, 4]","[0, 2, 7, 6, 0, 0, 0, 0, 0, 0, 0, 2, 7, 6, 0, 0, 0, 0, 0, 0, 0, 0, 0, 0, 0, 0, 0, 0, 0, 0, 0, 0, 0, 0, 0, 0, 0, 0, 0, 0, 0, 0, 0, 0, 0, 0, 0, 0, 0, 0, 0, 0, 0]"
30,"[0, 10, 5, 0, 0, 0, 5, 10, 0, 0, 0, 0]","[5, 4, 4, 4, 5, 4, 4]","[0, 0, 0, 0, 0, 0, 0, 7, 7, 1, 0, 0, 0, 0, 0, 0, 0, 0, 0, 0, 0, 0, 0, 0, 0, 0, 0, 0, 0, 3, 7, 5, 0, 0, 0, 0, 0, 0, 0, 0, 0, 0, 0, 0, 0, 0, 0, 0, 0, 0, 0, 0, 0]"
30,"[0, 0, 0, 1, 14, 0, 15, 0, 0, 0, 0, 0]","[5, 4, 5, 4, 4, 4, 4]","[0, 0, 0, 0, 0, 0, 0, 0, 0, 0, 0, 0, 0, 0, 0, 0, 0, 7, 7, 1, 0, 0, 0, 0, 0, 0, 0, 5, 7, 3, 0, 0, 0, 0, 0, 0, 0, 0, 0, 0, 0, 0, 0, 0, 0, 0, 0, 0, 0, 0, 0, 0, 0]"
30,"[0, 0, 0, 12, 3, 0, 0, 0, 0, 9, 6, 0]","[4, 5, 4, 5, 4, 4, 4]","[0, 0, 0, 0, 0, 0, 0, 0, 0, 0, 0, 0, 0, 0, 0, 4, 7, 4, 0, 0, 0, 0, 0, 0, 0, 0, 0, 0, 0, 0, 0, 0, 0, 0, 0, 0, 0, 0, 0, 0, 0, 0, 6, 7, 2, 0, 0, 0, 0, 0, 0, 0, 0]"
30,"[0, 0, 0, 0, 0, 15, 0, 0, 0, 15, 0, 0]","[5, 5, 4, 4, 4, 4, 4]","[0, 0, 0, 0, 0, 0, 0, 0, 0, 0, 0, 0, 0, 0, 0, 0, 0, 0, 0, 0, 0, 0, 0, 7, 7, 1, 0, 0, 0, 0, 0, 0, 0, 0, 0, 0, 0, 0, 0, 0, 0, 6, 7, 2, 0, 0, 0, 0, 0, 0, 0, 0, 0]"
30,"[0, 0, 0, 15, 0, 0, 0, 0, 0, 0, 0, 15]","[4, 5, 4, 4, 5, 4, 4]","[0, 0, 0, 0, 0, 0, 0, 0, 0, 0, 0, 0, 0, 0, 3, 7, 5, 0, 0, 0, 0, 0, 0, 0, 0, 0, 0, 0, 0, 0, 0, 0, 0, 0, 0, 0, 0, 0, 0, 0, 0, 0, 0, 0, 0, 0, 0, 0, 6, 7, 2, 0, 0]"
30,"[0, 0, 15, 0, 0, 0, 0, 0, 0, 0, 0, 15]","[5, 4, 4, 4, 4, 5, 4]","[0, 0, 0, 0, 0, 0, 0, 0, 0, 0, 7, 7, 1, 0, 0, 0, 0, 0, 0, 0, 0, 0, 0, 0, 0, 0, 0, 0, 0, 0, 0, 0, 0, 0, 0, 0, 0, 0, 0, 0, 0, 0, 0, 0, 0, 0, 0, 2, 7, 6, 0, 0, 0]"
30,"[0, 0, 0, 15, 0, 0, 0, 15, 0, 0, 0, 0]","[4, 4, 5, 4, 4, 5, 4]","[0, 0, 0, 0, 0, 0, 0, 0, 0, 0, 0, 0, 0, 5, 7, 3, 0, 0, 0, 0, 0, 0, 0, 0, 0, 0, 0, 0, 0, 0, 0, 2, 7, 6, 0, 0, 0, 0, 0, 0, 0, 0, 0, 0, 0, 0, 0, 0, 0, 0, 0, 0, 0]"
30,"[0, 0, 0, 0, 0, 15, 0, 15, 0, 0, 0, 0]","[5, 4, 4, 4, 5, 4, 4]","[0, 0, 0, 0, 0, 0, 0, 0, 0, 0, 0, 0, 0, 0, 0, 0, 0, 0, 0, 0, 0, 0, 0, 3, 7, 5, 0, 0, 0, 0, 0, 7, 7, 1, 0, 0, 0, 0, 0, 0, 0, 0, 0, 0, 0, 0, 0, 0, 0, 0, 0, 0, 0]"
30,"[0, 0, 8, 7, 0, 0, 0, 0, 0, 0, 15, 0]","[4, 5, 4, 4, 4, 5, 4]","[0, 0, 0, 0, 0, 0, 0, 0, 0, 0, 0, 2, 7, 6, 0, 0, 0, 0, 0, 0, 0, 0, 0, 0, 0, 0, 0, 0, 0, 0, 0, 0, 0, 0, 0, 0, 0, 0, 0, 0, 0, 0, 0, 0, 0, 6, 7, 2, 0, 0, 0, 0, 0]"
30,"[0, 0, 0, 0, 0, 0, 0, 0, 0, 0, 15, 15]","[4, 4, 5, 5, 4, 4, 4]","[0, 0, 0, 0, 0, 0, 0, 0, 0, 0, 0, 0, 0, 0, 0, 0, 0, 0, 0, 0, 0, 0, 0, 0, 0, 0, 0, 0, 0, 0, 0, 0, 0, 0, 0, 0, 0, 0, 0, 0, 0, 0, 0, 0, 5, 7, 3, 0, 0, 4, 7, 4, 0]"
30,"[0, 0, 24, 6, 0, 0, 0, 0, 0, 0, 0, 0]","[5, 4, 4, 4, 5, 4, 4]","[0, 0, 0, 0, 0, 0, 0, 0, 0, 7, 7, 4, 7, 5, 0, 0, 0, 0, 0, 0, 0, 0, 0, 0, 0, 0, 0, 0, 0, 0, 0, 0, 0, 0, 0, 0, 0, 0, 0, 0, 0, 0, 0, 0, 0, 0, 0, 0, 0, 0, 0, 0, 0]"
30,"[15, 0, 0, 0, 0, 0, 15, 0, 0, 0, 0, 0]","[5, 4, 4, 4, 5, 4, 4]","[0, 0, 7, 7, 1, 0, 0, 0, 0, 0, 0, 0, 0, 0, 0, 0, 0, 0, 0, 0, 0, 0, 0, 0, 0, 0, 3, 7, 5, 0, 0, 0, 0, 0, 0, 0, 0, 0, 0, 0, 0, 0, 0, 0, 0, 0, 0, 0, 0, 0, 0, 0, 0]"
30,"[0, 0, 0, 15, 0, 13, 2, 0, 0, 0, 0, 0]","[5, 4, 4, 4, 4, 4, 5]","[0, 0, 0, 0, 0, 0, 0, 0, 0, 0, 0, 0, 0, 0, 1, 7, 7, 0, 0, 0, 0, 0, 0, 0, 7, 7, 1, 0, 0, 0, 0, 0, 0, 0, 0, 0, 0, 0, 0, 0, 0, 0, 0, 0, 0, 0, 0, 0, 0, 0, 0, 0, 0]"
30,"[0, 0, 0, 0, 0, 0, 0, 0, 0, 0, 12, 18]","[5, 4, 4, 5, 4, 4, 4]","[0, 0, 0, 0, 0, 0, 0, 0, 0, 0, 0, 0, 0, 0, 0, 0, 0, 0, 0, 0, 0, 0, 0, 0, 0, 0, 0, 0, 0, 0, 0, 0, 0, 0, 0, 0, 0, 0, 0, 0, 0, 0, 0, 0, 0, 0, 7, 7, 5, 7, 4, 0, 0]"
30,"[0, 6, 9, 0, 0, 0, 0, 0, 0, 0, 15, 0]","[5, 4, 4, 4, 5, 4, 4]","[0, 0, 0, 0, 0, 0, 0, 3, 7, 5, 0, 0, 0, 0, 0, 0, 0, 0, 0, 0, 0, 0, 0, 0, 0, 0, 0, 0, 0, 0, 0, 0, 0, 0, 0, 0, 0, 0, 0, 0, 0, 0, 0, 0, 0, 7, 7, 1, 0, 0, 0, 0, 0]"
30,"[0, 15, 0, 0, 0, 0, 0, 0, 4, 11, 0, 0]","[4, 4, 4, 6, 4, 4, 4]","[0, 0, 0, 0, 4, 7, 4, 0, 0, 0, 0, 0, 0, 0, 0, 0, 0, 0, 0, 0, 0, 0, 0, 0, 0, 0, 0, 0, 0, 0, 0, 0, 0, 0, 0, 0, 0, 0, 4, 7, 4, 0, 0, 0, 0, 0, 0, 0, 0, 0, 0, 0, 0]"
30,"[0, 0, 0, 0, 0, 0, 0, 0, 0, 9, 21, 0]","[4, 5, 4, 4, 4, 4, 5]","[0, 0, 0, 0, 0, 0, 0, 0, 0, 0, 0, 0, 0, 0, 0, 0, 0, 0, 0, 0, 0, 0, 0, 0, 0, 0, 0, 0, 0, 0, 0, 0, 0, 0, 0, 0, 0, 0, 0, 0, 0, 0, 6, 7, 3, 7, 7, 0, 0, 0, 0, 0, 0]"
30,"[0, 0, 12, 3, 0, 0, 0, 0, 0, 0, 15, 0]","[5, 5, 4, 4, 4, 4, 4]","[0, 0, 0, 0, 0, 0, 0, 0, 0, 0, 0, 6, 7, 2, 0, 0, 0, 0, 0, 0, 0, 0, 0, 0, 0, 0, 0, 0, 0, 0, 0, 0, 0, 0, 0, 0, 0, 0, 0, 0, 0, 0, 0, 0, 0, 7, 7, 1, 0, 0, 0, 0, 0]"
30,"[0, 15, 0, 0, 0, 0, 15, 0, 0, 0, 0, 0]","[4, 4, 4, 4, 4, 5, 5]","[0, 0, 0, 0, 0, 2, 7, 6, 0, 0, 0, 0, 0, 0, 0, 0, 0, 0, 0, 0, 0, 0, 0, 0, 0, 0, 0, 1, 7, 7, 0, 0, 0, 0, 0, 0, 0, 0, 0, 0, 0, 0, 0, 0, 0, 0, 0, 0, 0, 0, 0, 0, 0]"
30,"[0, 0, 0, 15, 0, 15, 0, 0, 0, 0, 0, 0]","[4, 4, 4, 6, 4, 4, 4]","[0, 0, 0, 0, 0, 0, 0, 0, 0, 0, 0, 0, 0, 0, 4, 7, 4, 0, 0, 0, 0, 0, 0, 4, 7, 4, 0, 0, 0, 0, 0, 0, 0, 0, 0, 0, 0, 0, 0, 0, 0, 0, 0, 0, 0, 0, 0, 0, 0, 0, 0, 0, 0]"
30,"[15, 0, 0, 0, 0, 0, 0, 0, 0, 15, 0, 0]","[5, 4, 5, 4, 4, 4, 4]","[0, 7, 7, 1, 0, 0, 0, 0, 0, 0, 0, 0, 0, 0, 0, 0, 0, 0, 0, 0, 0, 0, 0, 0, 0, 0, 0, 0, 0, 0, 0, 0, 0, 0, 0, 0, 0, 0, 0, 5, 7, 3, 0, 0, 0, 0, 0, 0, 0, 0, 0, 0, 0]"
30,"[0, 0, 0, 3, 12, 0, 0, 2, 13, 0, 0, 0]","[4, 4, 4, 5, 4, 5, 4]","[0, 0, 0, 0, 0, 0, 0, 0, 0, 0, 0, 0, 0, 0, 0, 0, 2, 7, 6, 0, 0, 0, 0, 0, 0, 0, 0, 0, 0, 0, 0, 0, 0, 0, 4, 7, 4, 0, 0, 0, 0, 0, 0, 0, 0, 0, 0, 0, 0, 0, 0, 0, 0]"
30,"[0, 0, 0, 1, 22, 7, 0, 0, 0, 0, 0, 0]","[5, 4, 4, 5, 4, 4, 4]","[0, 0, 0, 0, 0, 0, 0, 0, 0, 0, 0, 0, 0, 0, 0, 0, 0, 7, 7, 1, 4, 7, 4, 0, 0, 0, 0, 0, 0, 0, 0, 0, 0, 0, 0, 0, 0, 0, 0, 0, 0, 0, 0, 0, 0, 0, 0, 0, 0, 0, 0, 0, 0]"
30,"[1, 14, 0, 0, 0, 0, 0, 0, 0, 0, 15, 0]","[4, 4, 6, 4, 4, 4, 4]","[0, 0, 0, 0, 5, 7, 3, 0, 0, 0, 0, 0, 0, 0, 0, 0, 0, 0, 0, 0, 0, 0, 0, 0, 0, 0, 0, 0, 0, 0, 0, 0, 0, 0, 0, 0, 0, 0, 0, 0, 0, 0, 0, 0, 5, 7, 3, 0, 0, 0, 0, 0, 0]"
30,"[0, 0, 0, 0, 0, 0, 0, 4, 26, 0, 0, 0]","[4, 5, 4, 4, 4, 5, 4]","[0, 0, 0, 0, 0, 0, 0, 0, 0, 0, 0, 0, 0, 0, 0, 0, 0, 0, 0, 0, 0, 0, 0, 0, 0, 0, 0, 0, 0, 0, 0, 0, 0, 0, 6, 7, 4, 7, 6, 0, 0, 0, 0, 0, 0, 0, 0, 0, 0, 0, 0, 0, 0]"
30,"[0, 0, 6, 9, 15, 0, 0, 0, 0, 0, 0, 0]","[5, 4, 4, 4, 4, 4, 5]","[0, 0, 0, 0, 0, 0, 0, 0, 0, 0, 0, 0, 7, 7, 1, 0, 0, 0, 1, 7, 7, 0, 0, 0, 0, 0, 0, 0, 0, 0, 0, 0, 0, 0, 0, 0, 0, 0, 0, 0, 0, 0, 0, 0, 0, 0, 0, 0, 0, 0, 0, 0, 0]"
30,"[15, 0, 0, 0, 0, 0, 0, 0, 0, 0, 6, 9]","[4, 5, 4, 4, 4, 4, 5]","[6, 7, 2, 0, 0, 0, 0, 0, 0, 0, 0, 0, 0, 0, 0, 0, 0, 0, 0, 0, 0, 0, 0, 0, 0, 0, 0, 0, 0, 0, 0, 0, 0, 0, 0, 0, 0, 0, 0, 0, 0, 0, 0, 0, 0, 0, 1, 7, 7, 0, 0, 0, 0]"
30,"[0, 0, 13, 2, 0, 0, 0, 0, 0, 0, 3, 12]","[5, 4, 5, 4, 4, 4, 4]","[0, 0, 0, 0, 0, 0, 0, 0, 0, 0, 0, 7, 7, 1, 0, 0, 0, 0, 0, 0, 0, 0, 0, 0, 0, 0, 0, 0, 0, 0, 0, 0, 0, 0, 0, 0, 0, 0, 0, 0, 0, 0, 0, 0, 0, 0, 0, 5, 7, 3, 0, 0, 0]"
